"","Year","Council","Incidence","Lower_95CI","Upper_95_CI"
"447",2023,"Adur",0.702155589699672,0.702155589699672,0.702155589699672
"135",2023,"Allerdale",2.55811140286181,2.55811140286181,2.55811140286181
"147",2023,"Amber Valley",0.329252256366048,0.329252256366048,0.329252256366048
"449",2023,"Arun",3.06568892303277,3.06568892303277,3.06568892303277
"363",2023,"Ashfield",0,0,0
"259",2023,"Ashford",0.56704725636605,0.56704725636605,0.56704725636605
"409",2023,"Babergh",0.0237555896993595,0.0237555896993595,0.0237555896993595
"559",2023,"Barking and Dagenham",0.594777256366029,0.594777256366029,0.594777256366029
"561",2023,"Barnet",0.906413923032695,0.906413923032695,0.906413923032695
"517",2023,"Barnsley",0.622365589699372,0.622365589699372,0.622365589699372
"137",2023,"Barrow-in-Furness",0.222241402861837,0.222241402861837,0.222241402861837
"189",2023,"Basildon",0.470088923032713,0.470088923032713,0.470088923032713
"225",2023,"Basingstoke and Deane",8.55640558969953,8.55640558969953,8.55640558969953
"365",2023,"Bassetlaw",0.943608923032722,0.943608923032722,0.943608923032722
"43",2023,"Bath and North East Somerset",5.47926892303279,5.47926892303279,5.47926892303279
"101",2023,"Bedford",0.977353923032703,0.977353923032703,0.977353923032703
"563",2023,"Bexley",0.140745589699369,0.140745589699369,0.140745589699369
"533",2023,"Birmingham",0.263868923032709,0.263868923032709,0.263868923032709
"307",2023,"Blaby",0,0,0
"15",2023,"Blackburn with Darwen",0.214595589699382,0.214595589699382,0.214595589699382
"17",2023,"Blackpool",0.612205589699363,0.612205589699363,0.612205589699363
"149",2023,"Bolsover",0.923855589699376,0.923855589699376,0.923855589699376
"487",2023,"Bolton",0.300698923032501,0.300698923032501,0.300698923032501
"321",2023,"Boston",0.610803923032655,0.610803923032655,0.610803923032655
"107",2023,"Bournemouth, Christchurch and Poole",3.05553392303274,3.05553392303274,3.05553392303274
"67",2023,"Bracknell Forest",1.83947892303274,1.83947892303274,1.83947892303274
"547",2023,"Bradford",0.311613923032727,0.311613923032727,0.311613923032727
"191",2023,"Braintree",1.08492725636605,1.08492725636605,1.08492725636605
"335",2023,"Breckland",1.93147558969934,1.93147558969934,1.93147558969934
"565",2023,"Brent",0.362327256366037,0.362327256366037,0.362327256366037
"193",2023,"Brentwood",0.749478923032714,0.749478923032714,0.749478923032714
"81",2023,"Brighton and Hove",2.19785225636602,2.19785225636602,2.19785225636602
"45",2023,"Bristol",4.17205892303264,4.17205892303264,4.17205892303264
"337",2023,"Broadland",0.565078923032703,0.565078923032703,0.565078923032703
"567",2023,"Bromley",1.38172892303272,1.38172892303272,1.38172892303272
"461",2023,"Bromsgrove",0.679962256366046,0.679962256366046,0.679962256366046
"247",2023,"Broxbourne",0.688262256366053,0.688262256366053,0.688262256366053
"367",2023,"Broxtowe",0,0,0
"111",2023,"Buckinghamshire UA",1.35020558969939,1.35020558969939,1.35020558969939
"283",2023,"Burnley",0.423822256366045,0.423822256366045,0.423822256366045
"489",2023,"Bury",0.276375589699369,0.276375589699369,0.276375589699369
"549",2023,"Calderdale",0.789370589699387,0.789370589699387,0.789370589699387
"125",2023,"Cambridge",2.33938225636597,2.33938225636597,2.33938225636597
"569",2023,"Camden",5.12398392303265,5.12398392303265,5.12398392303265
"393",2023,"Cannock Chase",0,0,0
"261",2023,"Canterbury",0.0825672563660372,0.0825672563660372,0.0825672563660372
"139",2023,"Carlisle",0.399691402861818,0.399691402861818,0.399691402861818
"195",2023,"Castle Point",0.0387872563660555,0.0387872563660555,0.0387872563660555
"103",2023,"Central Bedfordshire",0.999818923032701,0.999818923032701,0.999818923032701
"309",2023,"Charnwood",0.12556892303269,0.12556892303269,0.12556892303269
"197",2023,"Chelmsford",0.68677058969937,0.68677058969937,0.68677058969937
"213",2023,"Cheltenham",1.50200558969937,1.50200558969937,1.50200558969937
"377",2023,"Cherwell",0.0986055896993898,0.0986055896993898,0.0986055896993898
"91",2023,"Cheshire East",0.560455589699396,0.560455589699396,0.560455589699396
"93",2023,"Cheshire West and Chester",0.962170589699306,0.962170589699306,0.962170589699306
"151",2023,"Chesterfield",0.945330589699382,0.945330589699382,0.945330589699382
"451",2023,"Chichester",9.8148605896994,9.8148605896994,9.8148605896994
"285",2023,"Chorley",0.947718923032692,0.947718923032692,0.947718923032692
"199",2023,"Colchester",0.535848923032724,0.535848923032724,0.535848923032724
"141",2023,"Copeland",0.935731402861881,0.935731402861881,0.935731402861881
"97",2023,"Cornwall",1.95165392303273,1.95165392303273,1.95165392303273
"215",2023,"Cotswold",2.44681725636609,2.44681725636609,2.44681725636609
"89",2023,"County Durham",0.11259558969939,0.11259558969939,0.11259558969939
"535",2023,"Coventry",0.368568923032715,0.368568923032715,0.368568923032715
"349",2023,"Craven",0.360401402861812,0.360401402861812,0.360401402861812
"453",2023,"Crawley",0.66135892303271,0.66135892303271,0.66135892303271
"571",2023,"Croydon",0.998930589699387,0.998930589699387,0.998930589699387
"117",2023,"Cumberland",2.16177558753268,2.16177558753268,2.16177558753268
"249",2023,"Dacorum",0.20611892303271,0.20611892303271,0.20611892303271
"9",2023,"Darlington",0,0,0
"263",2023,"Dartford",1.14518058969938,1.14518058969938,1.14518058969938
"29",2023,"Derby",0.17785058969938,0.17785058969938,0.17785058969938
"153",2023,"Derbyshire Dales",1.29108725636607,1.29108725636607,1.29108725636607
"519",2023,"Doncaster",0.151843923032708,0.151843923032708,0.151843923032708
"109",2023,"Dorset",8.56861725636604,8.56861725636604,8.56861725636604
"265",2023,"Dover",0.0928572563660457,0.0928572563660457,0.0928572563660457
"537",2023,"Dudley",0,0,0
"573",2023,"Ealing",1.50503892303273,1.50503892303273,1.50503892303273
"127",2023,"East Cambridgeshire",0.418358923032726,0.418358923032726,0.418358923032726
"163",2023,"East Devon",6.24649892303263,6.24649892303263,6.24649892303263
"227",2023,"East Hampshire",9.6748755896994,9.6748755896994,9.6748755896994
"477",2023,"East Hertfordshire",0.565117256366051,0.565117256366051,0.565117256366051
"323",2023,"East Lindsey",0.373752256366045,0.373752256366045,0.373752256366045
"21",2023,"East Riding of Yorkshire",0.350863923032779,0.350863923032779,0.350863923032779
"395",2023,"East Staffordshire",0.771563923032712,0.771563923032712,0.771563923032712
"481",2023,"East Suffolk",1.15104225636603,1.15104225636603,1.15104225636603
"179",2023,"Eastbourne",1.29476558969938,1.29476558969938,1.29476558969938
"229",2023,"Eastleigh",9.64332892303266,9.64332892303266,9.64332892303266
"143",2023,"Eden",0,0,0
"415",2023,"Elmbridge",4.26078558969943,4.26078558969943,4.26078558969943
"575",2023,"Enfield",0.620385589699378,0.620385589699378,0.620385589699378
"201",2023,"Epping Forest",0.672592256366015,0.672592256366015,0.672592256366015
"417",2023,"Epsom and Ewell",4.20494392303273,4.20494392303273,4.20494392303273
"155",2023,"Erewash",0,0,0
"165",2023,"Exeter",1.98633725636608,1.98633725636608,1.98633725636608
"231",2023,"Fareham",2.84677225636604,2.84677225636604,2.84677225636604
"129",2023,"Fenland",0.157882256366058,0.157882256366058,0.157882256366058
"273",2023,"Folkestone & Hythe",0.423695589699387,0.423695589699387,0.423695589699387
"217",2023,"Forest of Dean",1.00882225636604,1.00882225636604,1.00882225636604
"287",2023,"Fylde",1.10410392303271,1.10410392303271,1.10410392303271
"557",2023,"Gateshead",0.757217256366055,0.757217256366055,0.757217256366055
"369",2023,"Gedling",0,0,0
"219",2023,"Gloucester",0.809437256366045,0.809437256366045,0.809437256366045
"233",2023,"Gosport",0.475933923032712,0.475933923032712,0.475933923032712
"267",2023,"Gravesham",0.29302558969938,0.29302558969938,0.29302558969938
"339",2023,"Great Yarmouth",0.00186558969938388,0.00186558969938388,0.00186558969938388
"577",2023,"Greenwich",1.05720058969938,1.05720058969938,1.05720058969938
"419",2023,"Guildford",4.95898725636602,4.95898725636602,4.95898725636602
"579",2023,"Hackney",1.81227392303273,1.81227392303273,1.81227392303273
"11",2023,"Halton",0,0,0
"351",2023,"Hambleton",0.0282314028617391,0.0282314028617391,0.0282314028617391
"581",2023,"Hammersmith and Fulham",3.98061725636602,3.98061725636602,3.98061725636602
"311",2023,"Harborough",0,0,0
"583",2023,"Haringey",1.21772558969938,1.21772558969938,1.21772558969938
"203",2023,"Harlow",0.0203005896993717,0.0203005896993717,0.0203005896993717
"353",2023,"Harrogate",2.59740640286183,2.59740640286183,2.59740640286183
"585",2023,"Harrow",0.194745589699373,0.194745589699373,0.194745589699373
"235",2023,"Hart",9.17508058969948,9.17508058969948,9.17508058969948
"1",2023,"Hartlepool",0.0239705896883394,0.0239705896883394,0.0239705896883394
"181",2023,"Hastings",0.750253923032704,0.750253923032704,0.750253923032704
"237",2023,"Havant",2.07567058969938,2.07567058969938,2.07567058969938
"587",2023,"Havering",0.312770589699464,0.312770589699464,0.312770589699464
"37",2023,"Herefordshire",0.544492256365925,0.544492256365925,0.544492256365925
"251",2023,"Hertsmere",0.765647256366037,0.765647256366037,0.765647256366037
"157",2023,"High Peak",1.12166058969934,1.12166058969934,1.12166058969934
"589",2023,"Hillingdon",0.81824558969937,0.81824558969937,0.81824558969937
"313",2023,"Hinckley and Bosworth",0.403842256366041,0.403842256366041,0.403842256366041
"455",2023,"Horsham",3.39265392303272,3.39265392303272,3.39265392303272
"591",2023,"Hounslow",1.80696058969937,1.80696058969937,1.80696058969937
"131",2023,"Huntingdonshire",0.22252892303271,0.22252892303271,0.22252892303271
"289",2023,"Hyndburn",0.0704122563660391,0.0704122563660391,0.0704122563660391
"411",2023,"Ipswich",1.22425558969938,1.22425558969938,1.22425558969938
"87",2023,"Isle of Wight",0.965917256366078,0.965917256366078,0.965917256366078
"593",2023,"Islington",2.43320892303269,2.43320892303269,2.43320892303269
"595",2023,"Kensington and Chelsea",2.13403892303272,2.13403892303272,2.13403892303272
"341",2023,"King's Lynn and West Norfolk",0.867343923032711,0.867343923032711,0.867343923032711
"19",2023,"Kingston upon Hull",0.105668923032724,0.105668923032724,0.105668923032724
"597",2023,"Kingston upon Thames",7.74874892303279,7.74874892303279,7.74874892303279
"551",2023,"Kirklees",0.279317256366042,0.279317256366042,0.279317256366042
"507",2023,"Knowsley",0.335295589699379,0.335295589699379,0.335295589699379
"599",2023,"Lambeth",1.31735558969938,1.31735558969938,1.31735558969938
"291",2023,"Lancaster",2.2399739230327,2.2399739230327,2.2399739230327
"553",2023,"Leeds",0.493922256366046,0.493922256366046,0.493922256366046
"31",2023,"Leicester",0,0,0
"183",2023,"Lewes",2.13537725636605,2.13537725636605,2.13537725636605
"601",2023,"Lewisham",1.48712725636604,1.48712725636604,1.48712725636604
"397",2023,"Lichfield",0.142048923032706,0.142048923032706,0.142048923032706
"325",2023,"Lincoln",0,0,0
"509",2023,"Liverpool",0.350308923032715,0.350308923032715,0.350308923032715
"59",2023,"Luton",0.792052256366044,0.792052256366044,0.792052256366044
"269",2023,"Maidstone",0.827235589699373,0.827235589699373,0.827235589699373
"205",2023,"Maldon",0.935705589699372,0.935705589699372,0.935705589699372
"463",2023,"Malvern Hills",0.312568923032713,0.312568923032713,0.312568923032713
"491",2023,"Manchester",0.392605589699379,0.392605589699379,0.392605589699379
"371",2023,"Mansfield",0.127360589699388,0.127360589699388,0.127360589699388
"65",2023,"Medway",0.263437256366082,0.263437256366082,0.263437256366082
"315",2023,"Melton",0,0,0
"387",2023,"Mendip",8.65368140286176,8.65368140286176,8.65368140286176
"603",2023,"Merton",2.2651255896994,2.2651255896994,2.2651255896994
"167",2023,"Mid Devon",4.73178392303268,4.73178392303268,4.73178392303268
"413",2023,"Mid Suffolk",0.962478923032713,0.962478923032713,0.962478923032713
"457",2023,"Mid Sussex",1.31252892303271,1.31252892303271,1.31252892303271
"3",2023,"Middlesbrough",0,0,0
"79",2023,"Milton Keynes",0.932555589699373,0.932555589699373,0.932555589699373
"421",2023,"Mole Valley",7.51318892303272,7.51318892303272,7.51318892303272
"239",2023,"New Forest",14.6580189230328,14.6580189230328,14.6580189230328
"373",2023,"Newark and Sherwood",0.20960558969937,0.20960558969937,0.20960558969937
"525",2023,"Newcastle upon Tyne",0.668810589699377,0.668810589699377,0.668810589699377
"399",2023,"Newcastle-under-Lyme",0.193885589699372,0.193885589699372,0.193885589699372
"605",2023,"Newham",0.475720589699374,0.475720589699374,0.475720589699374
"169",2023,"North Devon",2.06294392303271,2.06294392303271,2.06294392303271
"159",2023,"North East Derbyshire",0.975562256366069,0.975562256366069,0.975562256366069
"23",2023,"North East Lincolnshire",0.0886172563660425,0.0886172563660425,0.0886172563660425
"253",2023,"North Hertfordshire",0.792877256366043,0.792877256366043,0.792877256366043
"327",2023,"North Kesteven",0.240845589699382,0.240845589699382,0.240845589699382
"25",2023,"North Lincolnshire",0.447785589699327,0.447785589699327,0.447785589699327
"343",2023,"North Norfolk",2.40611392303273,2.40611392303273,2.40611392303273
"113",2023,"North Northamptonshire",0.660920589699366,0.660920589699366,0.660920589699366
"47",2023,"North Somerset",7.32842558969952,7.32842558969952,7.32842558969952
"527",2023,"North Tyneside",0.468855589699384,0.468855589699384,0.468855589699384
"437",2023,"North Warwickshire",0.698318923032707,0.698318923032707,0.698318923032707
"317",2023,"North West Leicestershire",0.480960589699363,0.480960589699363,0.480960589699363
"121",2023,"North Yorkshire UA",1.31745725636604,1.31745725636604,1.31745725636604
"105",2023,"Northumberland",1.22550558969938,1.22550558969938,1.22550558969938
"345",2023,"Norwich",0.25107725636604,0.25107725636604,0.25107725636604
"35",2023,"Nottingham",0.335247256366064,0.335247256366064,0.335247256366064
"439",2023,"Nuneaton and Bedworth",0,0,0
"319",2023,"Oadby and Wigston",0,0,0
"493",2023,"Oldham",0,0,0
"379",2023,"Oxford",2.59284725636605,2.59284725636605,2.59284725636605
"293",2023,"Pendle",0.731415589699374,0.731415589699374,0.731415589699374
"57",2023,"Peterborough",0.47840558969938,0.47840558969938,0.47840558969938
"51",2023,"Plymouth",1.24571558969937,1.24571558969937,1.24571558969937
"83",2023,"Portsmouth",0.379208923032706,0.379208923032706,0.379208923032706
"295",2023,"Preston",0.353837256366022,0.353837256366022,0.353837256366022
"71",2023,"Reading",0.840033923032716,0.840033923032716,0.840033923032716
"607",2023,"Redbridge",0.536945589699369,0.536945589699369,0.536945589699369
"5",2023,"Redcar and Cleveland",1.49522058969938,1.49522058969938,1.49522058969938
"465",2023,"Redditch",0,0,0
"423",2023,"Reigate and Banstead",1.11788725636604,1.11788725636604,1.11788725636604
"297",2023,"Ribble Valley",1.04043558969938,1.04043558969938,1.04043558969938
"609",2023,"Richmond upon Thames",8.57055225636609,8.57055225636609,8.57055225636609
"355",2023,"Richmondshire",1.35521640286183,1.35521640286183,1.35521640286183
"495",2023,"Rochdale",0.0458189230327114,0.0458189230327114,0.0458189230327114
"207",2023,"Rochford",0.63426558969937,0.63426558969937,0.63426558969937
"299",2023,"Rossendale",0.605812256366044,0.605812256366044,0.605812256366044
"185",2023,"Rother",0.5511889230327,0.5511889230327,0.5511889230327
"521",2023,"Rotherham",0.356688923032712,0.356688923032712,0.356688923032712
"441",2023,"Rugby",1.5014989230327,1.5014989230327,1.5014989230327
"425",2023,"Runnymede",0.99614225636605,0.99614225636605,0.99614225636605
"375",2023,"Rushcliffe",0.800718923032702,0.800718923032702,0.800718923032702
"241",2023,"Rushmoor",1.51705225636604,1.51705225636604,1.51705225636604
"33",2023,"Rutland",0.487092256366039,0.487092256366039,0.487092256366039
"357",2023,"Ryedale",0,0,0
"497",2023,"Salford",0.371170589699371,0.371170589699371,0.371170589699371
"539",2023,"Sandwell",0,0,0
"359",2023,"Scarborough",2.69898140286176,2.69898140286176,2.69898140286176
"389",2023,"Sedgemoor",3.55720140286183,3.55720140286183,3.55720140286183
"513",2023,"Sefton",0.266262256366041,0.266262256366041,0.266262256366041
"361",2023,"Selby",0.607116402861819,0.607116402861819,0.607116402861819
"271",2023,"Sevenoaks",0.919180589699367,0.919180589699367,0.919180589699367
"523",2023,"Sheffield",0.429613923032704,0.429613923032704,0.429613923032704
"95",2023,"Shropshire",0.85626892303271,0.85626892303271,0.85626892303271
"73",2023,"Slough",0.310437256366037,0.310437256366037,0.310437256366037
"541",2023,"Solihull",0.518537256366041,0.518537256366041,0.518537256366041
"123",2023,"Somerset UA",5.79677225636603,5.79677225636603,5.79677225636603
"485",2023,"Somerset West and Taunton",7.96975640286175,7.96975640286175,7.96975640286175
"133",2023,"South Cambridgeshire",1.33012058969937,1.33012058969937,1.33012058969937
"161",2023,"South Derbyshire",0.142590589699364,0.142590589699364,0.142590589699364
"49",2023,"South Gloucestershire",1.3527289230327,1.3527289230327,1.3527289230327
"171",2023,"South Hams",8.4254189230327,8.4254189230327,8.4254189230327
"329",2023,"South Holland",0.189575589699378,0.189575589699378,0.189575589699378
"331",2023,"South Kesteven",0.0167622563660025,0.0167622563660025,0.0167622563660025
"145",2023,"South Lakeland",3.7858414028618,3.7858414028618,3.7858414028618
"347",2023,"South Norfolk",0.751532256366041,0.751532256366041,0.751532256366041
"381",2023,"South Oxfordshire",0.78970892303271,0.78970892303271,0.78970892303271
"301",2023,"South Ribble",0,0,0
"391",2023,"South Somerset",5.14685640286183,5.14685640286183,5.14685640286183
"401",2023,"South Staffordshire",0.56272392303271,0.56272392303271,0.56272392303271
"529",2023,"South Tyneside",0,0,0
"85",2023,"Southampton",5.58377725636604,5.58377725636604,5.58377725636604
"61",2023,"Southend-on-Sea",0.399305589699379,0.399305589699379,0.399305589699379
"611",2023,"Southwark",1.4836489230327,1.4836489230327,1.4836489230327
"427",2023,"Spelthorne",0.488780589699374,0.488780589699374,0.488780589699374
"473",2023,"St Albans",1.58189558969937,1.58189558969937,1.58189558969937
"511",2023,"St. Helens",0,0,0
"403",2023,"Stafford",0.401820589699357,0.401820589699357,0.401820589699357
"405",2023,"Staffordshire Moorlands",0.521777256366042,0.521777256366042,0.521777256366042
"479",2023,"Stevenage",0.0432872563660456,0.0432872563660456,0.0432872563660456
"499",2023,"Stockport",0.634063923032713,0.634063923032713,0.634063923032713
"7",2023,"Stockton-on-Tees",0.174305589699372,0.174305589699372,0.174305589699372
"41",2023,"Stoke-on-Trent",0.444517256366036,0.444517256366036,0.444517256366036
"443",2023,"Stratford-on-Avon",1.08675725636604,1.08675725636604,1.08675725636604
"221",2023,"Stroud",3.14297892303269,3.14297892303269,3.14297892303269
"531",2023,"Sunderland",0.452438923032707,0.452438923032707,0.452438923032707
"429",2023,"Surrey Heath",4.83770225636603,4.83770225636603,4.83770225636603
"613",2023,"Sutton",1.18403392303271,1.18403392303271,1.18403392303271
"275",2023,"Swale",0.118895589699338,0.118895589699338,0.118895589699338
"55",2023,"Swindon",0.76324725636604,0.76324725636604,0.76324725636604
"501",2023,"Tameside",0,0,0
"407",2023,"Tamworth",0.311653923032707,0.311653923032707,0.311653923032707
"431",2023,"Tandridge",1.17977392303271,1.17977392303271,1.17977392303271
"173",2023,"Teignbridge",6.26409725636603,6.26409725636603,6.26409725636603
"39",2023,"Telford and Wrekin",0.309737256366031,0.309737256366031,0.309737256366031
"209",2023,"Tendring",0.239020589699381,0.239020589699381,0.239020589699381
"243",2023,"Test Valley",15.3091339230327,15.3091339230327,15.3091339230327
"223",2023,"Tewkesbury",1.09415058969939,1.09415058969939,1.09415058969939
"277",2023,"Thanet",0.0221305896993752,0.0221305896993752,0.0221305896993752
"255",2023,"Three Rivers",1.45694725636604,1.45694725636604,1.45694725636604
"63",2023,"Thurrock",0.817830589699387,0.817830589699387,0.817830589699387
"279",2023,"Tonbridge and Malling",0.678895589699369,0.678895589699369,0.678895589699369
"53",2023,"Torbay",1.47969558969936,1.47969558969936,1.47969558969936
"175",2023,"Torridge",1.86470225636606,1.86470225636606,1.86470225636606
"615",2023,"Tower Hamlets",1.38139392303271,1.38139392303271,1.38139392303271
"503",2023,"Trafford",0.232185589699374,0.232185589699374,0.232185589699374
"281",2023,"Tunbridge Wells",0.802955589699365,0.802955589699365,0.802955589699365
"211",2023,"Uttlesford",1.52115392303271,1.52115392303271,1.52115392303271
"383",2023,"Vale of White Horse",1.49665558969937,1.49665558969937,1.49665558969937
"555",2023,"Wakefield",0.332918923032705,0.332918923032705,0.332918923032705
"543",2023,"Walsall",0,0,0
"617",2023,"Waltham Forest",0.449717256366043,0.449717256366043,0.449717256366043
"619",2023,"Wandsworth",3.26975058969938,3.26975058969938,3.26975058969938
"13",2023,"Warrington",0.774938923032709,0.774938923032709,0.774938923032709
"445",2023,"Warwick",0,0,0
"257",2023,"Watford",0.499392256366045,0.499392256366045,0.499392256366045
"433",2023,"Waverley",11.2456705896994,11.2456705896994,11.2456705896994
"187",2023,"Wealden",1.54682058969938,1.54682058969938,1.54682058969938
"475",2023,"Welwyn Hatfield",0,0,0
"69",2023,"West Berkshire",4.13690725636604,4.13690725636604,4.13690725636604
"177",2023,"West Devon",9.10256558969932,9.10256558969932,9.10256558969932
"303",2023,"West Lancashire",1.24459058969938,1.24459058969938,1.24459058969938
"333",2023,"West Lindsey",1.07483225636604,1.07483225636604,1.07483225636604
"115",2023,"West Northamptonshire",0,0,0
"385",2023,"West Oxfordshire",1.00976558969938,1.00976558969938,1.00976558969938
"483",2023,"West Suffolk",1.52341725636604,1.52341725636604,1.52341725636604
"621",2023,"Westminster",2.56763225636604,2.56763225636604,2.56763225636604
"119",2023,"Westmorland and Furness",3.71687345153268,3.71687345153268,3.71687345153268
"505",2023,"Wigan",0.173665589699382,0.173665589699382,0.173665589699382
"99",2023,"Wiltshire",5.64330892303272,5.64330892303272,5.64330892303272
"245",2023,"Winchester",15.8402772563661,15.8402772563661,15.8402772563661
"75",2023,"Windsor and Maidenhead",1.07468392303271,1.07468392303271,1.07468392303271
"515",2023,"Wirral",0.133603923032711,0.133603923032711,0.133603923032711
"435",2023,"Woking",2.73251892303271,2.73251892303271,2.73251892303271
"77",2023,"Wokingham",1.89026225636604,1.89026225636604,1.89026225636604
"545",2023,"Wolverhampton",0,0,0
"467",2023,"Worcester",0,0,0
"459",2023,"Worthing",0.725075589699379,0.725075589699379,0.725075589699379
"469",2023,"Wychavon",0.560857256366042,0.560857256366042,0.560857256366042
"305",2023,"Wyre",0.56707225636604,0.56707225636604,0.56707225636604
"471",2023,"Wyre Forest",0,0,0
"27",2023,"York",0.960623923032652,0.960623923032652,0.960623923032652
"448",2024,"Adur",0.607077662947558,0.607077662947558,0.607077662947558
"136",2024,"Allerdale",2.4630334761097,2.4630334761097,2.4630334761097
"148",2024,"Amber Valley",0.234174329613934,0.234174329613934,0.234174329613934
"450",2024,"Arun",2.97061099628065,2.97061099628065,2.97061099628065
"364",2024,"Ashfield",0,0,0
"260",2024,"Ashford",0.471969329613936,0.471969329613936,0.471969329613936
"410",2024,"Babergh",0,0,0
"560",2024,"Barking and Dagenham",0.499699329613915,0.499699329613915,0.499699329613915
"562",2024,"Barnet",0.81133599628058,0.81133599628058,0.81133599628058
"518",2024,"Barnsley",0.527287662947258,0.527287662947258,0.527287662947258
"138",2024,"Barrow-in-Furness",0.127163476109722,0.127163476109722,0.127163476109722
"190",2024,"Basildon",0.375010996280599,0.375010996280599,0.375010996280599
"226",2024,"Basingstoke and Deane",8.46132766294741,8.46132766294741,8.46132766294741
"366",2024,"Bassetlaw",0.848530996280608,0.848530996280608,0.848530996280608
"44",2024,"Bath and North East Somerset",5.38419099628068,5.38419099628068,5.38419099628068
"102",2024,"Bedford",0.882275996280589,0.882275996280589,0.882275996280589
"564",2024,"Bexley",0.0456676629472547,0.0456676629472547,0.0456676629472547
"534",2024,"Birmingham",0.168790996280595,0.168790996280595,0.168790996280595
"308",2024,"Blaby",0,0,0
"16",2024,"Blackburn with Darwen",0.119517662947267,0.119517662947267,0.119517662947267
"18",2024,"Blackpool",0.517127662947249,0.517127662947249,0.517127662947249
"150",2024,"Bolsover",0.828777662947262,0.828777662947262,0.828777662947262
"488",2024,"Bolton",0.205620996280387,0.205620996280387,0.205620996280387
"322",2024,"Boston",0.51572599628054,0.51572599628054,0.51572599628054
"108",2024,"Bournemouth, Christchurch and Poole",2.96045599628063,2.96045599628063,2.96045599628063
"68",2024,"Bracknell Forest",1.74440099628062,1.74440099628062,1.74440099628062
"548",2024,"Bradford",0.216535996280613,0.216535996280613,0.216535996280613
"192",2024,"Braintree",0.989849329613935,0.989849329613935,0.989849329613935
"336",2024,"Breckland",1.83639766294723,1.83639766294723,1.83639766294723
"566",2024,"Brent",0.267249329613923,0.267249329613923,0.267249329613923
"194",2024,"Brentwood",0.6544009962806,0.6544009962806,0.6544009962806
"82",2024,"Brighton and Hove",2.10277432961391,2.10277432961391,2.10277432961391
"46",2024,"Bristol",4.07698099628052,4.07698099628052,4.07698099628052
"338",2024,"Broadland",0.470000996280588,0.470000996280588,0.470000996280588
"568",2024,"Bromley",1.2866509962806,1.2866509962806,1.2866509962806
"462",2024,"Bromsgrove",0.584884329613932,0.584884329613932,0.584884329613932
"248",2024,"Broxbourne",0.593184329613938,0.593184329613938,0.593184329613938
"368",2024,"Broxtowe",0,0,0
"112",2024,"Buckinghamshire UA",1.25512766294728,1.25512766294728,1.25512766294728
"284",2024,"Burnley",0.328744329613931,0.328744329613931,0.328744329613931
"490",2024,"Bury",0.181297662947254,0.181297662947254,0.181297662947254
"550",2024,"Calderdale",0.694292662947273,0.694292662947273,0.694292662947273
"126",2024,"Cambridge",2.24430432961385,2.24430432961385,2.24430432961385
"570",2024,"Camden",5.02890599628054,5.02890599628054,5.02890599628054
"394",2024,"Cannock Chase",0,0,0
"262",2024,"Canterbury",0,0,0
"140",2024,"Carlisle",0.304613476109704,0.304613476109704,0.304613476109704
"196",2024,"Castle Point",0,0,0
"104",2024,"Central Bedfordshire",0.904740996280587,0.904740996280587,0.904740996280587
"310",2024,"Charnwood",0.0304909962805757,0.0304909962805757,0.0304909962805757
"198",2024,"Chelmsford",0.591692662947255,0.591692662947255,0.591692662947255
"214",2024,"Cheltenham",1.40692766294725,1.40692766294725,1.40692766294725
"378",2024,"Cherwell",0.00352766294727558,0.00352766294727558,0.00352766294727558
"92",2024,"Cheshire East",0.465377662947282,0.465377662947282,0.465377662947282
"94",2024,"Cheshire West and Chester",0.867092662947192,0.867092662947192,0.867092662947192
"152",2024,"Chesterfield",0.850252662947268,0.850252662947268,0.850252662947268
"452",2024,"Chichester",9.71978266294728,9.71978266294728,9.71978266294728
"286",2024,"Chorley",0.852640996280578,0.852640996280578,0.852640996280578
"200",2024,"Colchester",0.44077099628061,0.44077099628061,0.44077099628061
"142",2024,"Copeland",0.840653476109767,0.840653476109767,0.840653476109767
"98",2024,"Cornwall",1.85657599628062,1.85657599628062,1.85657599628062
"216",2024,"Cotswold",2.35173932961397,2.35173932961397,2.35173932961397
"90",2024,"County Durham",0.0175176629472756,0.0175176629472756,0.0175176629472756
"536",2024,"Coventry",0.2734909962806,0.2734909962806,0.2734909962806
"350",2024,"Craven",0.265323476109698,0.265323476109698,0.265323476109698
"454",2024,"Crawley",0.566280996280596,0.566280996280596,0.566280996280596
"572",2024,"Croydon",0.903852662947273,0.903852662947273,0.903852662947273
"118",2024,"Cumberland",2.06669766078057,2.06669766078057,2.06669766078057
"250",2024,"Dacorum",0.111040996280596,0.111040996280596,0.111040996280596
"10",2024,"Darlington",0,0,0
"264",2024,"Dartford",1.05010266294727,1.05010266294727,1.05010266294727
"30",2024,"Derby",0.0827726629472659,0.0827726629472659,0.0827726629472659
"154",2024,"Derbyshire Dales",1.19600932961396,1.19600932961396,1.19600932961396
"520",2024,"Doncaster",0.0567659962805933,0.0567659962805933,0.0567659962805933
"110",2024,"Dorset",8.47353932961392,8.47353932961392,8.47353932961392
"266",2024,"Dover",0,0,0
"538",2024,"Dudley",0,0,0
"574",2024,"Ealing",1.40996099628062,1.40996099628062,1.40996099628062
"128",2024,"East Cambridgeshire",0.323280996280612,0.323280996280612,0.323280996280612
"164",2024,"East Devon",6.15142099628051,6.15142099628051,6.15142099628051
"228",2024,"East Hampshire",9.57979766294729,9.57979766294729,9.57979766294729
"478",2024,"East Hertfordshire",0.470039329613936,0.470039329613936,0.470039329613936
"324",2024,"East Lindsey",0.278674329613931,0.278674329613931,0.278674329613931
"22",2024,"East Riding of Yorkshire",0.255785996280665,0.255785996280665,0.255785996280665
"396",2024,"East Staffordshire",0.676485996280597,0.676485996280597,0.676485996280597
"482",2024,"East Suffolk",1.05596432961392,1.05596432961392,1.05596432961392
"180",2024,"Eastbourne",1.19968766294727,1.19968766294727,1.19968766294727
"230",2024,"Eastleigh",9.54825099628055,9.54825099628055,9.54825099628055
"144",2024,"Eden",0,0,0
"416",2024,"Elmbridge",4.16570766294731,4.16570766294731,4.16570766294731
"576",2024,"Enfield",0.525307662947264,0.525307662947264,0.525307662947264
"202",2024,"Epping Forest",0.577514329613901,0.577514329613901,0.577514329613901
"418",2024,"Epsom and Ewell",4.10986599628062,4.10986599628062,4.10986599628062
"156",2024,"Erewash",0,0,0
"166",2024,"Exeter",1.89125932961397,1.89125932961397,1.89125932961397
"232",2024,"Fareham",2.75169432961393,2.75169432961393,2.75169432961393
"130",2024,"Fenland",0.0628043296139436,0.0628043296139436,0.0628043296139436
"274",2024,"Folkestone & Hythe",0.328617662947273,0.328617662947273,0.328617662947273
"218",2024,"Forest of Dean",0.913744329613931,0.913744329613931,0.913744329613931
"288",2024,"Fylde",1.0090259962806,1.0090259962806,1.0090259962806
"558",2024,"Gateshead",0.66213932961394,0.66213932961394,0.66213932961394
"370",2024,"Gedling",0,0,0
"220",2024,"Gloucester",0.714359329613931,0.714359329613931,0.714359329613931
"234",2024,"Gosport",0.380855996280597,0.380855996280597,0.380855996280597
"268",2024,"Gravesham",0.197947662947266,0.197947662947266,0.197947662947266
"340",2024,"Great Yarmouth",0,0,0
"578",2024,"Greenwich",0.962122662947263,0.962122662947263,0.962122662947263
"420",2024,"Guildford",4.86390932961391,4.86390932961391,4.86390932961391
"580",2024,"Hackney",1.71719599628062,1.71719599628062,1.71719599628062
"12",2024,"Halton",0,0,0
"352",2024,"Hambleton",0,0,0
"582",2024,"Hammersmith and Fulham",3.8855393296139,3.8855393296139,3.8855393296139
"312",2024,"Harborough",0,0,0
"584",2024,"Haringey",1.12264766294726,1.12264766294726,1.12264766294726
"204",2024,"Harlow",0,0,0
"354",2024,"Harrogate",2.50232847610972,2.50232847610972,2.50232847610972
"586",2024,"Harrow",0.099667662947259,0.099667662947259,0.099667662947259
"236",2024,"Hart",9.08000266294737,9.08000266294737,9.08000266294737
"2",2024,"Hartlepool",0,0,0
"182",2024,"Hastings",0.65517599628059,0.65517599628059,0.65517599628059
"238",2024,"Havant",1.98059266294726,1.98059266294726,1.98059266294726
"588",2024,"Havering",0.21769266294735,0.21769266294735,0.21769266294735
"38",2024,"Herefordshire",0.449414329613811,0.449414329613811,0.449414329613811
"252",2024,"Hertsmere",0.670569329613923,0.670569329613923,0.670569329613923
"158",2024,"High Peak",1.02658266294723,1.02658266294723,1.02658266294723
"590",2024,"Hillingdon",0.723167662947256,0.723167662947256,0.723167662947256
"314",2024,"Hinckley and Bosworth",0.308764329613926,0.308764329613926,0.308764329613926
"456",2024,"Horsham",3.29757599628061,3.29757599628061,3.29757599628061
"592",2024,"Hounslow",1.71188266294726,1.71188266294726,1.71188266294726
"132",2024,"Huntingdonshire",0.127450996280595,0.127450996280595,0.127450996280595
"290",2024,"Hyndburn",0,0,0
"412",2024,"Ipswich",1.12917766294727,1.12917766294727,1.12917766294727
"88",2024,"Isle of Wight",0.870839329613963,0.870839329613963,0.870839329613963
"594",2024,"Islington",2.33813099628058,2.33813099628058,2.33813099628058
"596",2024,"Kensington and Chelsea",2.03896099628061,2.03896099628061,2.03896099628061
"342",2024,"King's Lynn and West Norfolk",0.772265996280596,0.772265996280596,0.772265996280596
"20",2024,"Kingston upon Hull",0.0105909962806102,0.0105909962806102,0.0105909962806102
"598",2024,"Kingston upon Thames",7.65367099628068,7.65367099628068,7.65367099628068
"552",2024,"Kirklees",0.184239329613928,0.184239329613928,0.184239329613928
"508",2024,"Knowsley",0.240217662947265,0.240217662947265,0.240217662947265
"600",2024,"Lambeth",1.22227766294727,1.22227766294727,1.22227766294727
"292",2024,"Lancaster",2.14489599628059,2.14489599628059,2.14489599628059
"554",2024,"Leeds",0.398844329613932,0.398844329613932,0.398844329613932
"32",2024,"Leicester",0,0,0
"184",2024,"Lewes",2.04029932961394,2.04029932961394,2.04029932961394
"602",2024,"Lewisham",1.39204932961393,1.39204932961393,1.39204932961393
"398",2024,"Lichfield",0.0469709962805914,0.0469709962805914,0.0469709962805914
"326",2024,"Lincoln",0,0,0
"510",2024,"Liverpool",0.255230996280601,0.255230996280601,0.255230996280601
"60",2024,"Luton",0.69697432961393,0.69697432961393,0.69697432961393
"270",2024,"Maidstone",0.732157662947259,0.732157662947259,0.732157662947259
"206",2024,"Maldon",0.840627662947258,0.840627662947258,0.840627662947258
"464",2024,"Malvern Hills",0.217490996280599,0.217490996280599,0.217490996280599
"492",2024,"Manchester",0.297527662947264,0.297527662947264,0.297527662947264
"372",2024,"Mansfield",0.0322826629472733,0.0322826629472733,0.0322826629472733
"66",2024,"Medway",0.168359329613968,0.168359329613968,0.168359329613968
"316",2024,"Melton",0,0,0
"388",2024,"Mendip",8.55860347610965,8.55860347610965,8.55860347610965
"604",2024,"Merton",2.17004766294728,2.17004766294728,2.17004766294728
"168",2024,"Mid Devon",4.63670599628056,4.63670599628056,4.63670599628056
"414",2024,"Mid Suffolk",0.867400996280599,0.867400996280599,0.867400996280599
"458",2024,"Mid Sussex",1.21745099628059,1.21745099628059,1.21745099628059
"4",2024,"Middlesbrough",0,0,0
"80",2024,"Milton Keynes",0.837477662947258,0.837477662947258,0.837477662947258
"422",2024,"Mole Valley",7.4181109962806,7.4181109962806,7.4181109962806
"240",2024,"New Forest",14.5629409962807,14.5629409962807,14.5629409962807
"374",2024,"Newark and Sherwood",0.114527662947256,0.114527662947256,0.114527662947256
"526",2024,"Newcastle upon Tyne",0.573732662947263,0.573732662947263,0.573732662947263
"400",2024,"Newcastle-under-Lyme",0.0988076629472581,0.0988076629472581,0.0988076629472581
"606",2024,"Newham",0.38064266294726,0.38064266294726,0.38064266294726
"170",2024,"North Devon",1.9678659962806,1.9678659962806,1.9678659962806
"160",2024,"North East Derbyshire",0.880484329613955,0.880484329613955,0.880484329613955
"24",2024,"North East Lincolnshire",0,0,0
"254",2024,"North Hertfordshire",0.697799329613929,0.697799329613929,0.697799329613929
"328",2024,"North Kesteven",0.145767662947267,0.145767662947267,0.145767662947267
"26",2024,"North Lincolnshire",0.352707662947213,0.352707662947213,0.352707662947213
"344",2024,"North Norfolk",2.31103599628061,2.31103599628061,2.31103599628061
"114",2024,"North Northamptonshire",0.565842662947252,0.565842662947252,0.565842662947252
"48",2024,"North Somerset",7.2333476629474,7.2333476629474,7.2333476629474
"528",2024,"North Tyneside",0.37377766294727,0.37377766294727,0.37377766294727
"438",2024,"North Warwickshire",0.603240996280593,0.603240996280593,0.603240996280593
"318",2024,"North West Leicestershire",0.385882662947249,0.385882662947249,0.385882662947249
"122",2024,"North Yorkshire UA",1.22237932961393,1.22237932961393,1.22237932961393
"106",2024,"Northumberland",1.13042766294726,1.13042766294726,1.13042766294726
"346",2024,"Norwich",0.155999329613926,0.155999329613926,0.155999329613926
"36",2024,"Nottingham",0.24016932961395,0.24016932961395,0.24016932961395
"440",2024,"Nuneaton and Bedworth",0,0,0
"320",2024,"Oadby and Wigston",0,0,0
"494",2024,"Oldham",0,0,0
"380",2024,"Oxford",2.49776932961393,2.49776932961393,2.49776932961393
"294",2024,"Pendle",0.63633766294726,0.63633766294726,0.63633766294726
"58",2024,"Peterborough",0.383327662947266,0.383327662947266,0.383327662947266
"52",2024,"Plymouth",1.15063766294725,1.15063766294725,1.15063766294725
"84",2024,"Portsmouth",0.284130996280592,0.284130996280592,0.284130996280592
"296",2024,"Preston",0.258759329613908,0.258759329613908,0.258759329613908
"72",2024,"Reading",0.744955996280601,0.744955996280601,0.744955996280601
"608",2024,"Redbridge",0.441867662947255,0.441867662947255,0.441867662947255
"6",2024,"Redcar and Cleveland",1.40014266294726,1.40014266294726,1.40014266294726
"466",2024,"Redditch",0,0,0
"424",2024,"Reigate and Banstead",1.02280932961393,1.02280932961393,1.02280932961393
"298",2024,"Ribble Valley",0.945357662947267,0.945357662947267,0.945357662947267
"610",2024,"Richmond upon Thames",8.47547432961397,8.47547432961397,8.47547432961397
"356",2024,"Richmondshire",1.26013847610971,1.26013847610971,1.26013847610971
"496",2024,"Rochdale",0,0,0
"208",2024,"Rochford",0.539187662947256,0.539187662947256,0.539187662947256
"300",2024,"Rossendale",0.51073432961393,0.51073432961393,0.51073432961393
"186",2024,"Rother",0.456110996280586,0.456110996280586,0.456110996280586
"522",2024,"Rotherham",0.261610996280598,0.261610996280598,0.261610996280598
"442",2024,"Rugby",1.40642099628059,1.40642099628059,1.40642099628059
"426",2024,"Runnymede",0.901064329613936,0.901064329613936,0.901064329613936
"376",2024,"Rushcliffe",0.705640996280588,0.705640996280588,0.705640996280588
"242",2024,"Rushmoor",1.42197432961393,1.42197432961393,1.42197432961393
"34",2024,"Rutland",0.392014329613925,0.392014329613925,0.392014329613925
"358",2024,"Ryedale",0,0,0
"498",2024,"Salford",0.276092662947257,0.276092662947257,0.276092662947257
"540",2024,"Sandwell",0,0,0
"360",2024,"Scarborough",2.60390347610965,2.60390347610965,2.60390347610965
"390",2024,"Sedgemoor",3.46212347610972,3.46212347610972,3.46212347610972
"514",2024,"Sefton",0.171184329613927,0.171184329613927,0.171184329613927
"362",2024,"Selby",0.512038476109705,0.512038476109705,0.512038476109705
"272",2024,"Sevenoaks",0.824102662947253,0.824102662947253,0.824102662947253
"524",2024,"Sheffield",0.33453599628059,0.33453599628059,0.33453599628059
"96",2024,"Shropshire",0.761190996280596,0.761190996280596,0.761190996280596
"74",2024,"Slough",0.215359329613923,0.215359329613923,0.215359329613923
"542",2024,"Solihull",0.423459329613927,0.423459329613927,0.423459329613927
"124",2024,"Somerset UA",5.70169432961391,5.70169432961391,5.70169432961391
"486",2024,"Somerset West and Taunton",7.87467847610964,7.87467847610964,7.87467847610964
"134",2024,"South Cambridgeshire",1.23504266294725,1.23504266294725,1.23504266294725
"162",2024,"South Derbyshire",0.0475126629472497,0.0475126629472497,0.0475126629472497
"50",2024,"South Gloucestershire",1.25765099628058,1.25765099628058,1.25765099628058
"172",2024,"South Hams",8.33034099628058,8.33034099628058,8.33034099628058
"330",2024,"South Holland",0.0944976629472635,0.0944976629472635,0.0944976629472635
"332",2024,"South Kesteven",0,0,0
"146",2024,"South Lakeland",3.69076347610968,3.69076347610968,3.69076347610968
"348",2024,"South Norfolk",0.656454329613927,0.656454329613927,0.656454329613927
"382",2024,"South Oxfordshire",0.694630996280595,0.694630996280595,0.694630996280595
"302",2024,"South Ribble",0,0,0
"392",2024,"South Somerset",5.05177847610972,5.05177847610972,5.05177847610972
"402",2024,"South Staffordshire",0.467645996280596,0.467645996280596,0.467645996280596
"530",2024,"South Tyneside",0,0,0
"86",2024,"Southampton",5.48869932961393,5.48869932961393,5.48869932961393
"62",2024,"Southend-on-Sea",0.304227662947265,0.304227662947265,0.304227662947265
"612",2024,"Southwark",1.38857099628059,1.38857099628059,1.38857099628059
"428",2024,"Spelthorne",0.39370266294726,0.39370266294726,0.39370266294726
"474",2024,"St Albans",1.48681766294726,1.48681766294726,1.48681766294726
"512",2024,"St. Helens",0,0,0
"404",2024,"Stafford",0.306742662947243,0.306742662947243,0.306742662947243
"406",2024,"Staffordshire Moorlands",0.426699329613928,0.426699329613928,0.426699329613928
"480",2024,"Stevenage",0,0,0
"500",2024,"Stockport",0.538985996280599,0.538985996280599,0.538985996280599
"8",2024,"Stockton-on-Tees",0.0792276629472577,0.0792276629472577,0.0792276629472577
"42",2024,"Stoke-on-Trent",0.349439329613922,0.349439329613922,0.349439329613922
"444",2024,"Stratford-on-Avon",0.991679329613929,0.991679329613929,0.991679329613929
"222",2024,"Stroud",3.04790099628058,3.04790099628058,3.04790099628058
"532",2024,"Sunderland",0.357360996280593,0.357360996280593,0.357360996280593
"430",2024,"Surrey Heath",4.74262432961392,4.74262432961392,4.74262432961392
"614",2024,"Sutton",1.08895599628059,1.08895599628059,1.08895599628059
"276",2024,"Swale",0.0238176629472241,0.0238176629472241,0.0238176629472241
"56",2024,"Swindon",0.668169329613926,0.668169329613926,0.668169329613926
"502",2024,"Tameside",0,0,0
"408",2024,"Tamworth",0.216575996280593,0.216575996280593,0.216575996280593
"432",2024,"Tandridge",1.0846959962806,1.0846959962806,1.0846959962806
"174",2024,"Teignbridge",6.16901932961391,6.16901932961391,6.16901932961391
"40",2024,"Telford and Wrekin",0.214659329613917,0.214659329613917,0.214659329613917
"210",2024,"Tendring",0.143942662947266,0.143942662947266,0.143942662947266
"244",2024,"Test Valley",15.2140559962805,15.2140559962805,15.2140559962805
"224",2024,"Tewkesbury",0.999072662947274,0.999072662947274,0.999072662947274
"278",2024,"Thanet",0,0,0
"256",2024,"Three Rivers",1.36186932961392,1.36186932961392,1.36186932961392
"64",2024,"Thurrock",0.722752662947272,0.722752662947272,0.722752662947272
"280",2024,"Tonbridge and Malling",0.583817662947255,0.583817662947255,0.583817662947255
"54",2024,"Torbay",1.38461766294725,1.38461766294725,1.38461766294725
"176",2024,"Torridge",1.76962432961395,1.76962432961395,1.76962432961395
"616",2024,"Tower Hamlets",1.28631599628059,1.28631599628059,1.28631599628059
"504",2024,"Trafford",0.137107662947259,0.137107662947259,0.137107662947259
"282",2024,"Tunbridge Wells",0.707877662947251,0.707877662947251,0.707877662947251
"212",2024,"Uttlesford",1.4260759962806,1.4260759962806,1.4260759962806
"384",2024,"Vale of White Horse",1.40157766294726,1.40157766294726,1.40157766294726
"556",2024,"Wakefield",0.237840996280591,0.237840996280591,0.237840996280591
"544",2024,"Walsall",0,0,0
"618",2024,"Waltham Forest",0.354639329613929,0.354639329613929,0.354639329613929
"620",2024,"Wandsworth",3.17467266294727,3.17467266294727,3.17467266294727
"14",2024,"Warrington",0.679860996280595,0.679860996280595,0.679860996280595
"446",2024,"Warwick",0,0,0
"258",2024,"Watford",0.404314329613931,0.404314329613931,0.404314329613931
"434",2024,"Waverley",11.1505926629473,11.1505926629473,11.1505926629473
"188",2024,"Wealden",1.45174266294726,1.45174266294726,1.45174266294726
"476",2024,"Welwyn Hatfield",0,0,0
"70",2024,"West Berkshire",4.04182932961392,4.04182932961392,4.04182932961392
"178",2024,"West Devon",9.00748766294721,9.00748766294721,9.00748766294721
"304",2024,"West Lancashire",1.14951266294726,1.14951266294726,1.14951266294726
"334",2024,"West Lindsey",0.979754329613929,0.979754329613929,0.979754329613929
"116",2024,"West Northamptonshire",0,0,0
"386",2024,"West Oxfordshire",0.914687662947264,0.914687662947264,0.914687662947264
"484",2024,"West Suffolk",1.42833932961392,1.42833932961392,1.42833932961392
"622",2024,"Westminster",2.47255432961393,2.47255432961393,2.47255432961393
"120",2024,"Westmorland and Furness",3.62179552478056,3.62179552478056,3.62179552478056
"506",2024,"Wigan",0.0785876629472678,0.0785876629472678,0.0785876629472678
"100",2024,"Wiltshire",5.5482309962806,5.5482309962806,5.5482309962806
"246",2024,"Winchester",15.745199329614,15.745199329614,15.745199329614
"76",2024,"Windsor and Maidenhead",0.979605996280595,0.979605996280595,0.979605996280595
"516",2024,"Wirral",0.0385259962805964,0.0385259962805964,0.0385259962805964
"436",2024,"Woking",2.63744099628059,2.63744099628059,2.63744099628059
"78",2024,"Wokingham",1.79518432961392,1.79518432961392,1.79518432961392
"546",2024,"Wolverhampton",0,0,0
"468",2024,"Worcester",0,0,0
"460",2024,"Worthing",0.629997662947265,0.629997662947265,0.629997662947265
"470",2024,"Wychavon",0.465779329613928,0.465779329613928,0.465779329613928
"306",2024,"Wyre",0.471994329613925,0.471994329613925,0.471994329613925
"472",2024,"Wyre Forest",0,0,0
"28",2024,"York",0.865545996280538,0.865545996280538,0.865545996280538
