Year,Council,Case,Population,Incidence,Lower_95CI,Upper_95CI
2017,Adur,1,63721,1.56934,0.03973,8.74381
2017,Allerdale,3,97213,3.08601,0.63641,9.01862
2017,Amber Valley,4,125898,3.17718,0.86567,8.13483
2017,Arun,9,158657,5.67262,2.59388,10.76839
2017,Ashfield,0,126164,0,0,2.92388
2017,Ashford,2,127527,1.5683,0.18993,5.66522
2017,Babergh,0,90794,0,0,4.06291
2017,Barking and Dagenham,4,210711,1.89834,0.51723,4.86049
2017,Barnet,5,387803,1.28931,0.41864,3.00883
2017,Barnsley,4,243341,1.64378,0.44788,4.20874
2017,Barrow-in-Furness,1,67099,1.49034,0.03773,8.30362
2017,Basildon,2,184479,1.08413,0.13129,3.91627
2017,Basingstoke and Deane,23,175337,13.1176,8.31543,19.68284
2017,Bassetlaw,2,116304,1.71963,0.20826,6.2119
2017,Bath and North East Somerset,9,188678,4.77003,2.18116,9.05501
2017,Bedford,4,169912,2.35416,0.64143,6.02758
2017,Bexley,4,246124,1.6252,0.44281,4.16115
2017,Birmingham,11,1137123,0.96735,0.4829,1.73086
2017,Blaby,0,98977,0,0,3.72701
2017,Blackburn with Darwen,0,148772,0,0,2.47955
2017,Blackpool,1,139870,0.71495,0.0181,3.98344
2017,Bolsover,2,79098,2.52851,0.30621,9.13384
2017,Bolton,4,284813,1.40443,0.38266,3.5959
2017,Boston,0,68488,0,0,5.38617
2017,Bournemouth,,,,,
2017,Bracknell Forest,2,120377,1.66145,0.20121,6.00172
2017,Bradford,5,534800,0.93493,0.30357,2.18181
2017,Braintree,5,151677,3.29648,1.07036,7.69288
2017,Breckland,4,138602,2.88596,0.78633,7.38921
2017,Brent,5,329102,1.51929,0.49331,3.54551
2017,Brentwood,0,76575,0,0,4.81734
2017,Brighton and Hove,11,288155,3.81739,1.90563,6.83037
2017,Bristol,15,459252,3.26618,1.82806,5.38707
2017,Broadland,1,128535,0.778,0.0197,4.33473
2017,Bromley,7,329391,2.12513,0.85441,4.37859
2017,Bromsgrove,1,97594,1.02465,0.02594,5.709
2017,Broxbourne,2,96762,2.06693,0.25031,7.46645
2017,Broxtowe,1,112718,0.88717,0.02246,4.94299
2017,Buckinghamshire UA,10,535918,1.86596,0.8948,3.43156
2017,Burnley,2,87705,2.28037,0.27616,8.23749
2017,Bury,2,189628,1.0547,0.12773,3.80993
2017,Calderdale,2,209454,0.95486,0.11564,3.4493
2017,Cambridge,3,124919,2.40156,0.49526,7.01837
2017,Camden,15,253361,5.92041,3.31361,9.76481
2017,Cannock Chase,0,99126,0,0,3.72141
2017,Canterbury,1,164100,0.60939,0.01543,3.39527
2017,Carlisle,0,108274,0,0,3.40699
2017,Castle Point,0,89814,0,0,4.10724
2017,Central Bedfordshire,4,280030,1.42842,0.3892,3.65732
2017,Charnwood,2,180387,1.10873,0.13427,4.00511
2017,Chelmsford,2,176194,1.13511,0.13747,4.10042
2017,Cheltenham,5,117128,4.26883,1.38608,9.96204
2017,Cherwell,1,147602,0.6775,0.01715,3.77478
2017,Cheshire East,6,378846,1.58376,0.58121,3.44717
2017,Cheshire West and Chester,5,337986,1.47935,0.48034,3.45231
2017,Chesterfield,3,104579,2.86865,0.59158,8.3834
2017,Chichester,10,120192,8.32002,3.98977,15.30082
2017,Chorley,3,115772,2.5913,0.53439,7.57288
2017,City of London,,,,,
2017,Colchester,3,190098,1.57813,0.32545,4.61198
2017,Copeland,1,68689,1.45584,0.03686,8.11141
2017,Cornwall,12,563608,2.12914,1.10016,3.71918
2017,Cotswold,2,87509,2.28548,0.27678,8.25594
2017,County Durham,2,523662,0.38193,0.04625,1.37965
2017,Coventry,6,360149,1.66598,0.61138,3.62613
2017,Craven,1,56604,1.76666,0.04473,9.8432
2017,Crawley,1,111664,0.89554,0.02267,4.98965
2017,Croydon,12,384837,3.1182,1.61122,5.44687
2017,Cumberland,4,274176,1.4589169,0.397505617,3.735406819
2017,Dacorum,2,153316,1.3045,0.15798,4.71229
2017,Darlington,1,106347,0.94032,0.02381,5.23912
2017,Dartford,2,107516,1.86019,0.22528,6.71964
2017,Derby,0,257034,0,0,1.43517
2017,Derbyshire Dales,1,71849,1.39181,0.03524,7.75466
2017,Doncaster,3,308940,0.97106,0.20026,2.83786
2017,Dorset,38,375051,10.13196,7.16998,13.9069
2017,Dover,0,115803,0,0,3.18548
2017,Dudley,1,319419,0.31307,0.00793,1.74431
2017,Ealing,12,342736,3.50124,1.80914,6.11596
2017,East Cambridgeshire,0,88858,0,0,4.15143
2017,East Devon,10,142265,7.02914,3.37074,12.92683
2017,East Hampshire,11,119392,9.21335,4.59927,16.48522
2017,East Hertfordshire,2,147080,1.3598,0.16468,4.91208
2017,East Lindsey,1,139718,0.71573,0.01812,3.98778
2017,East Riding of Yorkshire,2,338061,0.59161,0.07165,2.1371
2017,East Staffordshire,1,117552,0.85069,0.02154,4.73973
2017,East Suffolk,3,246913,1.215,0.25056,3.55075
2017,Eastbourne,2,103251,1.93703,0.23458,6.99721
2017,Eastleigh,20,130498,15.32591,9.36146,23.66962
2017,Eden,0,52779,0,0,6.98929
2017,Elmbridge,8,136379,5.86601,2.53253,11.55837
2017,Enfield,5,332705,1.50283,0.48797,3.50711
2017,Epping Forest,3,130576,2.29751,0.4738,6.71431
2017,Epsom and Ewell,1,79451,1.25864,0.03187,7.01268
2017,Erewash,1,115314,0.8672,0.02196,4.83172
2017,Exeter,1,128916,0.7757,0.01964,4.32192
2017,Fareham,2,116219,1.72089,0.20841,6.21644
2017,Fenland,1,100776,0.9923,0.02512,5.52874
2017,Folkestone & Hythe,1,111427,0.89745,0.02272,5.00026
2017,Forest of Dean,3,85957,3.49012,0.71975,10.1996
2017,Fylde,0,78863,0,0,4.67758
2017,Gateshead,1,202419,0.49403,0.01251,2.75253
2017,Gedling,0,117128,0,0,3.14944
2017,Gloucester,1,129083,0.7747,0.01961,4.31633
2017,Gosport,0,85509,0,0,4.31403
2017,Gravesham,0,106121,0,0,3.47611
2017,Great Yarmouth,0,99417,0,0,3.71051
2017,Greenwich,4,282849,1.41418,0.38532,3.62087
2017,Guildford,10,147777,6.76695,3.24502,12.44467
2017,Hackney,13,283583,4.5842,2.44089,7.83912
2017,Halton,0,127595,0,0,2.89109
2017,Hambleton,1,90718,1.10232,0.02791,6.14172
2017,Hammersmith and Fulham,4,182998,2.18582,0.59556,5.59656
2017,Harborough,0,91461,0,0,4.03328
2017,Haringey,3,271224,1.1061,0.2281,3.23248
2017,Harlow,0,86191,0,0,4.27989
2017,Harrogate,6,160044,3.74897,1.37581,8.15993
2017,Harrow,1,248880,0.4018,0.01017,2.23869
2017,Hart,9,95465,9.42754,4.31087,17.89641
2017,Hartlepool,1,93019,1.07505,0.02722,5.98979
2017,Hastings,2,92813,2.15487,0.26097,7.78413
2017,Havant,3,125065,2.39875,0.49468,7.01017
2017,Havering,5,256039,1.95283,0.63408,4.55725
2017,Herefordshire,3,191041,1.57034,0.32384,4.58921
2017,Hertsmere,2,104031,1.9225,0.23282,6.94475
2017,High Peak,5,92063,5.43106,1.76345,12.67429
2017,Hillingdon,10,302343,3.3075,1.58608,6.08261
2017,Hinckley and Bosworth,1,111370,0.89791,0.02273,5.00282
2017,Horsham,8,140142,5.7085,2.46452,11.24801
2017,Hounslow,8,269100,2.97287,1.28348,5.85774
2017,Huntingdonshire,1,176979,0.56504,0.01431,3.1482
2017,Hyndburn,0,80410,0,0,4.58759
2017,Ipswich,1,138480,0.72213,0.01828,4.02343
2017,Isle of Wight,0,140984,0,0,2.61652
2017,Isles of Scilly,,,,,
2017,Islington,5,235000,2.12766,0.69085,4.96525
2017,Kensington and Chelsea,6,155741,3.85255,1.41382,8.38538
2017,King's Lynn and West Norfolk,3,151945,1.9744,0.40717,5.77003
2017,Kingston upon Hull,2,260673,0.76725,0.09292,2.77155
2017,Kingston upon Thames,23,174609,13.17229,8.3501,19.7649
2017,Kirklees,2,437145,0.45751,0.05541,1.6527
2017,Knowsley,3,148560,2.01939,0.41645,5.9015
2017,Lambeth,8,324048,2.46877,1.06584,4.86446
2017,Lancaster,3,142487,2.10546,0.4342,6.15303
2017,Leeds,2,784846,0.25483,0.03086,0.92052
2017,Leicester,3,353540,0.84856,0.17499,2.47985
2017,Lewes,4,102257,3.91171,1.06581,10.01554
2017,Lewisham,6,301307,1.99132,0.73078,4.33428
2017,Lichfield,1,103507,0.96612,0.02446,5.38287
2017,Lincoln,0,98438,0,0,3.74741
2017,Liverpool,2,491549,0.40688,0.04928,1.46978
2017,Luton,0,214658,0,0,1.71849
2017,Maidstone,2,167730,1.19239,0.1444,4.30733
2017,Maldon,1,63975,1.56311,0.03958,8.7091
2017,Malvern Hills,2,77165,2.59185,0.31389,9.36265
2017,Manchester,8,545501,1.46654,0.63315,2.88967
2017,Mansfield,2,108576,1.84203,0.22308,6.65404
2017,Medway,2,277616,0.72042,0.08725,2.6024
2017,Melton,0,50873,0,0,7.25115
2017,Mendip,7,113513,6.1667,2.47933,12.70575
2017,Merton,10,206052,4.85314,2.32727,8.9251
2017,Mid Devon,5,80623,6.2017,2.01368,14.47271
2017,Mid Suffolk,2,101543,1.96961,0.23853,7.11491
2017,Mid Sussex,2,148345,1.34821,0.16327,4.87019
2017,Middlesbrough,0,140639,0,0,2.62294
2017,Milton Keynes,5,267521,1.86901,0.60686,4.36165
2017,Mole Valley,2,87128,2.29547,0.27799,8.29204
2017,New Forest,36,179590,20.04566,14.03973,27.75164
2017,Newark and Sherwood,0,120965,0,0,3.04954
2017,Newcastle upon Tyne,3,295842,1.01406,0.20912,2.9635
2017,Newcastle-under-Lyme,1,128963,0.77542,0.01963,4.32034
2017,Newham,4,347996,1.14944,0.31318,2.94302
2017,North Devon,2,95440,2.09556,0.25378,7.56987
2017,North East Derbyshire,1,100780,0.99226,0.02512,5.52852
2017,North East Lincolnshire,1,159826,0.62568,0.01584,3.48607
2017,North Hertfordshire,2,133321,1.50014,0.18167,5.41902
2017,North Kesteven,2,115230,1.73566,0.2102,6.2698
2017,North Lincolnshire,0,171294,0,0,2.15354
2017,North Norfolk,1,104067,0.96092,0.02433,5.3539
2017,North Northamptonshire,6,341841,1.7552,0.64413,3.82034
2017,North Somerset,15,212834,7.04775,3.94457,11.62419
2017,North Tyneside,2,204473,0.97812,0.11846,3.53332
2017,North Warwickshire,1,64069,1.56082,0.03952,8.69632
2017,North West Leicestershire,1,100109,0.99891,0.02529,5.56558
2017,North Yorkshire UA,11,611633,1.79846,0.89779,3.21795
2017,Northumberland,3,319030,0.94035,0.19392,2.7481
2017,Norwich,1,140353,0.71249,0.01804,3.96974
2017,Nottingham,3,329209,0.91128,0.18793,2.66313
2017,Nuneaton and Bedworth,1,128659,0.77725,0.01968,4.33055
2017,Oadby and Wigston,0,57035,0,0,6.46775
2017,Oldham,0,233759,0,0,1.57807
2017,Oxford,4,154582,2.58762,0.70504,6.62534
2017,Pendle,1,90696,1.10258,0.02792,6.14321
2017,Peterborough,5,198914,2.51365,0.81618,5.86602
2017,Plymouth,6,263070,2.28076,0.837,4.96426
2017,Portsmouth,2,214718,0.93145,0.1128,3.36473
2017,Preston,1,141346,0.70748,0.01791,3.94185
2017,Reading,3,163075,1.83964,0.37938,5.37622
2017,Redbridge,3,301785,0.99409,0.205,2.90514
2017,Redcar and Cleveland,0,136005,0,0,2.71231
2017,Redditch,0,85204,0,0,4.32947
2017,Reigate and Banstead,1,146383,0.68314,0.0173,3.80621
2017,Ribble Valley,2,59504,3.36112,0.40705,12.14152
2017,Richmond upon Thames,16,195680,8.17662,4.67364,13.27831
2017,Richmondshire,0,53699,0,0,6.86955
2017,Rochdale,4,218459,1.83101,0.49889,4.68811
2017,Rochford,1,86209,1.15997,0.02937,6.46295
2017,Rossendale,0,70365,0,0,5.24249
2017,Rother,1,94997,1.05267,0.02665,5.86507
2017,Rotherham,2,263375,0.75937,0.09196,2.74312
2017,Rugby,6,106350,5.64175,2.07042,12.27971
2017,Runnymede,0,86882,0,0,4.24585
2017,Rushcliffe,1,115996,0.8621,0.02183,4.80331
2017,Rushmoor,2,95817,2.08731,0.25278,7.54009
2017,Rutland,0,39474,0,0,9.34509
2017,Ryedale,0,54311,0,0,6.79214
2017,Salford,2,251332,0.79576,0.09637,2.87456
2017,Sandwell,2,325460,0.61452,0.07442,2.21984
2017,Scarborough,2,108370,1.84553,0.2235,6.66669
2017,Sedgemoor,4,122178,3.27391,0.89203,8.38252
2017,Sefton,2,274589,0.72836,0.08821,2.63109
2017,Selby,1,87887,1.13783,0.02881,6.33955
2017,Sevenoaks,0,119429,0,0,3.08876
2017,Sheffield,6,577789,1.03844,0.38109,2.26025
2017,Shropshire,4,317459,1.26001,0.34331,3.22611
2017,Slough,1,148768,0.67219,0.01702,3.74519
2017,Solihull,4,213933,1.86974,0.50944,4.78729
2017,Somerset UA,32,555195,5.76374,3.94239,8.13668
2017,Somerset West and Taunton,13,152288,8.53646,4.5453,14.5976
2017,South Cambridgeshire,2,156705,1.27628,0.15456,4.61038
2017,South Derbyshire,1,102385,0.97671,0.02473,5.44186
2017,South Gloucestershire,7,279027,2.50872,1.00864,5.16892
2017,South Hams,9,85340,10.54605,4.82233,20.01969
2017,South Holland,1,93295,1.07187,0.02714,5.97207
2017,South Kesteven,1,141662,0.70591,0.01787,3.93305
2017,South Lakeland,4,104321,3.83432,1.04472,9.81738
2017,South Norfolk,2,135471,1.47633,0.17879,5.33301
2017,South Oxfordshire,1,139767,0.71548,0.01811,3.98638
2017,South Ribble,0,110400,0,0,3.34138
2017,South Somerset,9,167216,5.38226,2.46111,10.21721
2017,South Staffordshire,2,111890,1.78747,0.21647,6.45696
2017,South Tyneside,1,149555,0.66865,0.01693,3.72548
2017,Southampton,21,252359,8.32148,5.15113,12.72026
2017,Southend-on-Sea,3,181808,1.65009,0.34029,4.82227
2017,Southwark,10,314232,3.18236,1.52607,5.85248
2017,Spelthorne,1,99120,1.00888,0.02554,5.62111
2017,St Albans,1,147095,0.67983,0.01721,3.78779
2017,St. Helens,1,179331,0.55763,0.01412,3.10691
2017,Stafford,3,134764,2.22611,0.45908,6.50565
2017,Staffordshire Moorlands,2,98496,2.03054,0.24591,7.33501
2017,Stevenage,0,87739,0,0,4.20438
2017,Stockport,5,291045,1.71795,0.55781,4.00912
2017,Stockton-on-Tees,1,196487,0.50894,0.01289,2.83563
2017,Stoke-on-Trent,3,255378,1.17473,0.24226,3.43306
2017,Stratford-on-Avon,1,125202,0.79871,0.02022,4.45012
2017,Stroud,7,118130,5.92568,2.38243,12.20916
2017,Sunderland,3,277249,1.08206,0.22315,3.16224
2017,Surrey Heath,5,88765,5.63285,1.82897,13.1452
2017,Sutton,2,203243,0.98404,0.11917,3.5547
2017,Swale,2,146694,1.36338,0.16511,4.92501
2017,Swindon,3,220363,1.36139,0.28075,3.97856
2017,Tameside,1,224119,0.44619,0.0113,2.48602
2017,Tamworth,1,76527,1.30673,0.03308,7.28062
2017,Tandridge,0,87297,0,0,4.22567
2017,Teignbridge,9,131437,6.84739,3.13106,12.99847
2017,Telford and Wrekin,2,175768,1.13786,0.1378,4.11035
2017,Tendring,1,144705,0.69106,0.0175,3.85035
2017,Test Valley,26,123957,20.97502,13.70158,30.73326
2017,Tewkesbury,0,90332,0,0,4.08369
2017,Thanet,1,141337,0.70753,0.01791,3.9421
2017,Three Rivers,4,92641,4.31774,1.17644,11.05514
2017,Thurrock,4,170394,2.3475,0.63962,6.01053
2017,Tonbridge and Malling,2,128891,1.5517,0.18792,5.60527
2017,Torbay,1,135247,0.73939,0.01872,4.11961
2017,Torridge,0,67821,0,0,5.43914
2017,Tower Hamlets,11,307964,3.57185,1.78305,6.39102
2017,Trafford,1,235493,0.42464,0.01075,2.36595
2017,Tunbridge Wells,5,118061,4.2351,1.37513,9.88331
2017,Uttlesford,2,87684,2.28092,0.27623,8.23946
2017,Vale of White Horse,2,131227,1.52408,0.18457,5.50549
2017,Wakefield,0,340790,0,0,1.08245
2017,Walsall,0,281293,0,0,1.3114
2017,Waltham Forest,3,275505,1.08891,0.22456,3.18226
2017,Wandsworth,12,323257,3.71222,1.91816,6.4845
2017,Warrington,4,209704,1.90745,0.51972,4.88383
2017,Warwick,2,140282,1.4257,0.17266,5.15012
2017,Watford,1,96675,1.03439,0.02619,5.76327
2017,Waverley,17,125010,13.59891,7.92187,21.77318
2017,Wealden,5,158941,3.14582,1.02144,7.3413
2017,Welwyn Hatfield,0,122274,0,0,3.0169
2017,West Berkshire,7,158473,4.41716,1.77593,9.10103
2017,West Devon,8,55329,14.45896,6.24235,28.48992
2017,West Lancashire,2,113881,1.75622,0.21269,6.34407
2017,West Lindsey,0,94340,0,0,3.9102
2017,West Northamptonshire,4,399368,1.00158,0.2729,2.56445
2017,West Oxfordshire,1,109266,0.9152,0.02317,5.09916
2017,West Suffolk,2,179248,1.11577,0.13513,4.03055
2017,Westminster,11,244796,4.49354,2.24316,8.04018
2017,Westmorland and Furness,5,224199,2.230161598,0.724127226,5.204453187
2017,Wigan,1,324650,0.30802,0.0078,1.7162
2017,Wiltshire,34,496043,6.85425,4.74676,9.57812
2017,Winchester,26,123879,20.98822,13.7102,30.75261
2017,Windsor and Maidenhead,1,150140,0.66605,0.01686,3.71097
2017,Wirral,3,322796,0.92938,0.19166,2.71604
2017,Woking,3,101129,2.96651,0.61177,8.6694
2017,Wokingham,5,164980,3.03067,0.98405,7.07257
2017,Wolverhampton,0,259926,0,0,1.4192
2017,Worcester,0,102314,0,0,3.60545
2017,Worthing,3,109632,2.73643,0.56432,7.997
2017,Wychavon,2,125378,1.59518,0.19318,5.76233
2017,Wyre,4,110426,3.62234,0.98696,9.27462
2017,Wyre Forest,0,100715,0,0,3.66269
2017,York,4,208163,1.92157,0.52356,4.91999
2018,Adur,0,63869,0,0,5.7757
2018,Allerdale,3,97527,3.07607,0.63436,8.98959
2018,Amber Valley,0,126678,0,0,2.91201
2018,Arun,7,159827,4.37974,1.76088,9.02393
2018,Ashfield,0,127151,0,0,2.90118
2018,Ashford,2,129281,1.54702,0.18735,5.58836
2018,Babergh,0,91401,0,0,4.03593
2018,Barking and Dagenham,1,211998,0.4717,0.01194,2.62816
2018,Barnet,6,392140,1.53007,0.56151,3.33031
2018,Barnsley,4,245199,1.63133,0.44448,4.17685
2018,Barrow-in-Furness,0,67137,0,0,5.49456
2018,Basildon,2,185862,1.07607,0.13032,3.88713
2018,Basingstoke and Deane,22,175729,12.51928,7.84576,18.95434
2018,Bassetlaw,1,116839,0.85588,0.02167,4.76865
2018,Bath and North East Somerset,6,192106,3.12328,1.14619,6.79806
2018,Bedford,3,171623,1.74802,0.36048,5.10845
2018,Bexley,0,247258,0,0,1.49192
2018,Birmingham,6,1141374,0.52568,0.19292,1.14419
2018,Blaby,0,100421,0,0,3.67341
2018,Blackburn with Darwen,2,148942,1.34281,0.16262,4.85067
2018,Blackpool,1,139305,0.71785,0.01817,3.9996
2018,Bolsover,0,79530,0,0,4.63835
2018,Bolton,2,285372,0.70084,0.08488,2.53167
2018,Boston,0,69366,0,0,5.31799
2018,Bournemouth,,,,,
2018,Bracknell Forest,5,121676,4.10927,1.33427,9.58967
2018,Bradford,3,537173,0.55848,0.11517,1.63211
2018,Braintree,3,151561,1.9794,0.4082,5.78465
2018,Breckland,4,139329,2.8709,0.78222,7.35065
2018,Brent,3,330795,0.90691,0.18703,2.65036
2018,Brentwood,2,76550,2.61267,0.31641,9.43787
2018,Brighton and Hove,10,290395,3.44359,1.65133,6.33288
2018,Bristol,17,463405,3.6685,2.13704,5.87362
2018,Broadland,3,129464,2.31725,0.47787,6.77198
2018,Bromley,5,331096,1.51014,0.49034,3.52415
2018,Bromsgrove,3,98662,3.04068,0.62706,8.88617
2018,Broxbourne,1,96876,1.03225,0.02613,5.75132
2018,Broxtowe,0,113272,0,0,3.25666
2018,Buckinghamshire UA,23,540059,4.25879,2.69971,6.39028
2018,Burnley,2,88527,2.2592,0.2736,8.161
2018,Bury,2,190108,1.05203,0.12741,3.80031
2018,Calderdale,2,210082,0.95201,0.11529,3.43899
2018,Cambridge,5,125758,3.97589,1.29096,9.2784
2018,Camden,12,262226,4.57621,2.36459,7.99371
2018,Cannock Chase,0,100109,0,0,3.68486
2018,Canterbury,1,164553,0.60771,0.01539,3.38593
2018,Carlisle,2,108387,1.84524,0.22347,6.66564
2018,Castle Point,0,90070,0,0,4.09557
2018,Central Bedfordshire,7,283606,2.46821,0.99235,5.08546
2018,Charnwood,1,182643,0.54752,0.01386,3.05057
2018,Chelmsford,2,177079,1.12944,0.13678,4.07992
2018,Cheltenham,2,117090,1.70809,0.20686,6.1702
2018,Cherwell,1,149161,0.67042,0.01697,3.73532
2018,Cheshire East,2,380790,0.52522,0.06361,1.89729
2018,Cheshire West and Chester,10,340502,2.93684,1.40833,5.40095
2018,Chesterfield,2,104628,1.91153,0.2315,6.90512
2018,Chichester,9,120750,7.45342,3.40818,14.14891
2018,Chorley,1,116821,0.85601,0.02167,4.76939
2018,City of London,,,,,
2018,Colchester,1,192523,0.51942,0.01315,2.89401
2018,Copeland,1,68424,1.46148,0.037,8.14282
2018,Cornwall,24,568210,4.22379,2.70626,6.28467
2018,Cotswold,2,89022,2.24664,0.27208,8.11562
2018,County Durham,2,526980,0.37952,0.04596,1.37096
2018,Coventry,3,366785,0.81792,0.16867,2.3903
2018,Craven,0,56832,0,0,6.49085
2018,Crawley,0,112448,0,0,3.28052
2018,Croydon,4,385346,1.03803,0.28283,2.65776
2018,Cumberland,6,274338,2.187083087,0.802620855,4.760359119
2018,Dacorum,0,154280,0,0,2.39103
2018,Darlington,0,106566,0,0,3.46159
2018,Dartford,3,109709,2.73451,0.56392,7.99139
2018,Derby,2,257174,0.77768,0.09418,2.80926
2018,Derbyshire Dales,5,71977,6.94666,2.25556,16.2112
2018,Doncaster,0,310542,0,0,1.18788
2018,Dorset,41,376484,10.89024,7.81502,14.77384
2018,Dover,0,116969,0,0,3.15372
2018,Dudley,1,320626,0.31189,0.0079,1.73774
2018,Ealing,9,341982,2.63172,1.20339,4.99582
2018,East Cambridgeshire,0,89362,0,0,4.12802
2018,East Devon,19,144317,13.16546,7.92647,20.5595
2018,East Hampshire,12,120681,9.94357,5.13799,17.36942
2018,East Hertfordshire,3,148105,2.02559,0.41773,5.91963
2018,East Lindsey,2,140741,1.42105,0.1721,5.13332
2018,East Riding of Yorkshire,4,339614,1.17781,0.32091,3.01566
2018,East Staffordshire,3,118574,2.53007,0.52176,7.39393
2018,East Suffolk,8,248249,3.22257,1.39128,6.34975
2018,Eastbourne,1,103160,0.96937,0.02454,5.40097
2018,Eastleigh,15,131819,11.37924,6.36887,18.76833
2018,Eden,0,52881,0,0,6.97581
2018,Elmbridge,5,136626,3.65963,1.18827,8.54035
2018,Enfield,2,333869,0.59904,0.07255,2.16393
2018,Epping Forest,1,131137,0.76256,0.01931,4.24872
2018,Epsom and Ewell,3,79928,3.75338,0.77404,10.96896
2018,Erewash,0,115490,0,0,3.19411
2018,Exeter,3,130428,2.30012,0.47434,6.72193
2018,Fareham,6,116339,5.15734,1.89265,11.22536
2018,Fenland,0,101491,0,0,3.63469
2018,Folkestone & Hythe,0,112578,0,0,3.27673
2018,Forest of Dean,0,86543,0,0,4.26248
2018,Fylde,0,79770,0,0,4.62439
2018,Gateshead,2,202508,0.98762,0.11961,3.56761
2018,Gedling,1,117786,0.849,0.0215,4.73031
2018,Gloucester,3,129285,2.32046,0.47853,6.78135
2018,Gosport,0,85283,0,0,4.32546
2018,Gravesham,3,106385,2.81995,0.58154,8.24108
2018,Great Yarmouth,1,99370,1.00634,0.02548,5.60697
2018,Greenwich,3,286186,1.04827,0.21618,3.06349
2018,Guildford,3,147889,2.02855,0.41834,5.92828
2018,Hackney,9,288371,3.12098,1.42711,5.92459
2018,Halton,0,128432,0,0,2.87224
2018,Hambleton,0,91134,0,0,4.04775
2018,Hammersmith and Fulham,6,185426,3.23579,1.18748,7.04296
2018,Harborough,0,92499,0,0,3.98802
2018,Haringey,3,270624,1.10855,0.22861,3.23965
2018,Harlow,0,86594,0,0,4.25997
2018,Harrogate,4,160533,2.4917,0.6789,6.37974
2018,Harrow,5,250149,1.99881,0.64901,4.66455
2018,Hart,8,96293,8.30798,3.5868,16.37003
2018,Hartlepool,0,93242,0,0,3.95624
2018,Hastings,2,92855,2.1539,0.26085,7.78061
2018,Havant,0,125813,0,0,2.93203
2018,Havering,2,257810,0.77577,0.09395,2.80233
2018,Herefordshire,4,192107,2.08217,0.56732,5.33119
2018,Hertsmere,1,104205,0.95965,0.0243,5.34681
2018,High Peak,0,92221,0,0,4.00004
2018,Hillingdon,4,304824,1.31223,0.35754,3.35984
2018,Hinckley and Bosworth,0,112423,0,0,3.28125
2018,Horsham,6,142217,4.21891,1.54826,9.18278
2018,Hounslow,8,270782,2.95441,1.2755,5.82136
2018,Huntingdonshire,0,177352,0,0,2.07998
2018,Hyndburn,0,80815,0,0,4.5646
2018,Ipswich,3,137532,2.18131,0.44984,6.37472
2018,Isle of Wight,2,141538,1.41305,0.17113,5.10442
2018,Isles of Scilly,,,,,
2018,Islington,3,239142,1.25449,0.25871,3.66614
2018,Kensington and Chelsea,1,156197,0.64022,0.01621,3.56706
2018,King's Lynn and West Norfolk,3,151811,1.97614,0.40753,5.77512
2018,Kingston upon Hull,0,260645,0,0,1.41529
2018,Kingston upon Thames,7,175470,3.98929,1.6039,8.21945
2018,Kirklees,4,438727,0.91173,0.24842,2.33439
2018,Knowsley,2,149571,1.33716,0.16194,4.83027
2018,Lambeth,8,325917,2.45461,1.05973,4.83657
2018,Lancaster,6,144246,4.15956,1.52649,9.05361
2018,Leeds,8,789194,1.01369,0.43764,1.99738
2018,Leicester,1,355218,0.28152,0.00713,1.56851
2018,Lewes,2,102744,1.94659,0.23574,7.03174
2018,Lewisham,5,303536,1.64725,0.53486,3.84414
2018,Lichfield,0,103965,0,0,3.54819
2018,Lincoln,0,99039,0,0,3.72467
2018,Liverpool,3,494814,0.60629,0.12503,1.77183
2018,Luton,4,214109,1.86821,0.50902,4.78335
2018,Maidstone,3,169955,1.76517,0.36402,5.15859
2018,Maldon,0,64425,0,0,5.72585
2018,Malvern Hills,1,78113,1.2802,0.03241,7.1328
2018,Manchester,4,547627,0.73042,0.19902,1.87018
2018,Mansfield,1,108841,0.91877,0.02326,5.11907
2018,Medway,1,277855,0.3599,0.00911,2.00523
2018,Melton,0,51100,0,0,7.21894
2018,Mendip,14,114881,12.18652,6.66249,20.44692
2018,Merton,4,206186,1.94,0.52858,4.96716
2018,Mid Devon,2,81695,2.44813,0.29648,8.84349
2018,Mid Suffolk,2,102493,1.95135,0.23632,7.04896
2018,Mid Sussex,4,149716,2.67173,0.72796,6.84068
2018,Middlesbrough,1,140545,0.71152,0.01801,3.96431
2018,Milton Keynes,4,268607,1.48916,0.40575,3.81285
2018,Mole Valley,8,87253,9.16874,3.95841,18.06607
2018,New Forest,38,179753,21.14012,14.96001,29.01647
2018,Newark and Sherwood,0,121566,0,0,3.03447
2018,Newcastle upon Tyne,6,300196,1.99869,0.73349,4.35032
2018,Newcastle-under-Lyme,1,129490,0.77226,0.01955,4.30276
2018,Newham,1,352005,0.28409,0.00719,1.58283
2018,North Devon,4,96110,4.1619,1.13398,10.65611
2018,North East Derbyshire,1,101125,0.98888,0.02504,5.50966
2018,North East Lincolnshire,0,159821,0,0,2.30813
2018,North Hertfordshire,3,133214,2.25202,0.46442,6.58135
2018,North Kesteven,1,115985,0.86218,0.02183,4.80376
2018,North Lincolnshire,3,172005,1.74414,0.35968,5.0971
2018,North Norfolk,6,104552,5.73877,2.10603,12.49089
2018,North Northamptonshire,2,345477,0.57891,0.07011,2.09122
2018,North Somerset,28,213919,13.08907,8.69759,18.91735
2018,North Tyneside,1,205985,0.48547,0.01229,2.70488
2018,North Warwickshire,1,64850,1.54202,0.03904,8.59159
2018,North West Leicestershire,1,102126,0.97918,0.02479,5.45566
2018,North Yorkshire UA,12,614505,1.95279,1.00904,3.41113
2018,Northumberland,2,320274,0.62447,0.07563,2.25578
2018,Norwich,1,141137,0.70853,0.01794,3.94769
2018,Nottingham,0,331069,0,0,1.11423
2018,Nuneaton and Bedworth,0,128902,0,0,2.86177
2018,Oadby and Wigston,0,57056,0,0,6.46537
2018,Oldham,1,235623,0.42441,0.01075,2.36464
2018,Oxford,3,154327,1.94392,0.40088,5.68097
2018,Pendle,1,91405,1.09403,0.0277,6.09556
2018,Peterborough,1,201041,0.49741,0.01259,2.7714
2018,Plymouth,8,263100,3.04067,1.31275,5.99133
2018,Portsmouth,1,215133,0.46483,0.01177,2.58986
2018,Preston,1,141818,0.70513,0.01785,3.92873
2018,Reading,1,163203,0.61273,0.01551,3.41393
2018,Redbridge,6,303858,1.97461,0.72465,4.29789
2018,Redcar and Cleveland,5,136718,3.65716,1.18747,8.5346
2018,Redditch,0,84989,0,0,4.34042
2018,Reigate and Banstead,2,147757,1.35357,0.16392,4.88957
2018,Ribble Valley,0,60057,0,0,6.1423
2018,Richmond upon Thames,19,196904,9.64937,5.80955,15.06869
2018,Richmondshire,2,53244,3.75629,0.4549,13.56902
2018,Rochdale,0,220001,0,0,1.67676
2018,Rochford,1,86981,1.14968,0.02911,6.40559
2018,Rossendale,1,70895,1.41054,0.03571,7.85901
2018,Rother,2,95656,2.09083,0.25321,7.55278
2018,Rotherham,2,264671,0.75566,0.09151,2.72969
2018,Rugby,1,107194,0.93289,0.02362,5.19772
2018,Runnymede,1,88000,1.13636,0.02877,6.33141
2018,Rushcliffe,3,117671,2.54948,0.52576,7.45067
2018,Rushmoor,1,95142,1.05106,0.02661,5.85613
2018,Rutland,0,39697,0,0,9.29259
2018,Ryedale,0,54920,0,0,6.71682
2018,Salford,3,254408,1.17921,0.24318,3.44615
2018,Sandwell,2,327378,0.61092,0.07399,2.20683
2018,Scarborough,5,108736,4.59829,1.49305,10.73088
2018,Sedgemoor,6,122791,4.88635,1.79321,10.63553
2018,Sefton,1,275396,0.36311,0.00919,2.02314
2018,Selby,1,89106,1.12226,0.02841,6.25283
2018,Sevenoaks,1,120293,0.8313,0.02105,4.63173
2018,Sheffield,7,582506,1.2017,0.48315,2.47597
2018,Shropshire,3,320274,0.9367,0.19317,2.73743
2018,Slough,1,149112,0.67064,0.01698,3.73655
2018,Solihull,2,214909,0.93063,0.1127,3.36174
2018,Somerset UA,43,559399,7.68682,5.56299,10.3541
2018,Somerset West and Taunton,13,153866,8.44891,4.49869,14.44789
2018,South Cambridgeshire,2,157519,1.26969,0.15377,4.58655
2018,South Derbyshire,0,104493,0,0,3.53027
2018,South Gloucestershire,2,282644,0.7076,0.08569,2.55611
2018,South Hams,4,86221,4.63924,1.26404,11.8783
2018,South Holland,0,93980,0,0,3.92518
2018,South Kesteven,0,141853,0,0,2.60049
2018,South Lakeland,5,104532,4.78322,1.5531,11.16245
2018,South Norfolk,3,138017,2.17365,0.44826,6.35231
2018,South Oxfordshire,1,140504,0.71172,0.01802,3.96547
2018,South Ribble,0,110527,0,0,3.33754
2018,South Somerset,10,167861,5.95731,2.85676,10.95571
2018,South Staffordshire,2,112126,1.78371,0.21602,6.44337
2018,South Tyneside,0,150265,0,0,2.45492
2018,Southampton,13,252796,5.14249,2.73816,8.79381
2018,Southend-on-Sea,3,182463,1.64417,0.33907,4.80496
2018,Southwark,3,317256,0.94561,0.19501,2.76347
2018,Spelthorne,1,99334,1.00671,0.02549,5.609
2018,St Albans,6,147373,4.0713,1.4941,8.86151
2018,St. Helens,0,180049,0,0,2.04882
2018,Stafford,0,135880,0,0,2.71481
2018,Staffordshire Moorlands,1,98397,1.01629,0.02573,5.66241
2018,Stevenage,1,87754,1.13955,0.02885,6.34916
2018,Stockport,3,291775,1.02819,0.21204,3.00481
2018,Stockton-on-Tees,1,197213,0.50707,0.01284,2.82519
2018,Stoke-on-Trent,3,255833,1.17264,0.24183,3.42695
2018,Stratford-on-Avon,3,127580,2.35147,0.48493,6.87198
2018,Stroud,5,119019,4.20101,1.36406,9.80376
2018,Sunderland,2,277417,0.72094,0.08731,2.60427
2018,Surrey Heath,3,88874,3.37557,0.69612,9.86484
2018,Sutton,0,204525,0,0,1.80363
2018,Swale,2,148519,1.34663,0.16308,4.86449
2018,Swindon,4,221996,1.80183,0.49094,4.61341
2018,Tameside,1,225197,0.44406,0.01124,2.47412
2018,Tamworth,1,76678,1.30416,0.03302,7.26629
2018,Tandridge,0,87496,0,0,4.21606
2018,Teignbridge,8,132844,6.0221,2.59992,11.86594
2018,Telford and Wrekin,1,177799,0.56243,0.01424,3.13368
2018,Tendring,1,145803,0.68586,0.01736,3.82135
2018,Test Valley,19,125169,15.17948,9.13904,23.70463
2018,Tewkesbury,3,92599,3.23978,0.66812,9.468
2018,Thanet,0,141819,0,0,2.60112
2018,Three Rivers,2,93045,2.1495,0.26031,7.76472
2018,Thurrock,1,172525,0.57963,0.01468,3.22947
2018,Tonbridge and Malling,0,130508,0,0,2.82655
2018,Torbay,4,135780,2.94594,0.80267,7.54278
2018,Torridge,2,68143,2.935,0.35544,10.60224
2018,Tower Hamlets,4,317705,1.25903,0.34304,3.22362
2018,Trafford,1,236370,0.42307,0.01071,2.35717
2018,Tunbridge Wells,1,118054,0.84707,0.02145,4.71957
2018,Uttlesford,3,89179,3.36402,0.69374,9.8311
2018,Vale of White Horse,4,133732,2.99106,0.81496,7.65829
2018,Wakefield,5,345038,1.44912,0.47052,3.38175
2018,Walsall,1,283378,0.35289,0.00893,1.96615
2018,Waltham Forest,3,276700,1.08421,0.22359,3.16851
2018,Wandsworth,16,326474,4.90085,2.80126,7.95867
2018,Warrington,3,209547,1.43166,0.29524,4.18392
2018,Warwick,0,142484,0,0,2.58898
2018,Watford,1,96767,1.03341,0.02616,5.75779
2018,Waverley,15,125610,11.94173,6.68369,19.69606
2018,Wealden,5,160175,3.12159,1.01357,7.28474
2018,Welwyn Hatfield,1,122746,0.81469,0.02063,4.53917
2018,West Berkshire,9,158527,5.67727,2.59601,10.77722
2018,West Devon,3,55528,5.40268,1.11416,15.78892
2018,West Lancashire,3,113949,2.63276,0.54294,7.69403
2018,West Lindsey,1,94869,1.05409,0.02669,5.87299
2018,West Northamptonshire,1,402145,0.24867,0.0063,1.38548
2018,West Oxfordshire,4,109800,3.64299,0.99259,9.3275
2018,West Suffolk,5,178881,2.79515,0.90758,6.52296
2018,Westminster,1,255324,0.39166,0.00992,2.18219
2018,Westmorland and Furness,5,224550,2.226675573,0.722995324,5.196317969
2018,Wigan,1,326088,0.30667,0.00776,1.70863
2018,Wiltshire,36,498064,7.22799,5.06239,10.00658
2018,Winchester,26,124295,20.91798,13.66432,30.64968
2018,Windsor and Maidenhead,0,150906,0,0,2.44449
2018,Wirral,1,323235,0.30937,0.00783,1.72371
2018,Woking,2,101167,1.97693,0.23942,7.14135
2018,Wokingham,3,167979,1.78594,0.3683,5.21927
2018,Wolverhampton,2,262008,0.76334,0.09244,2.75743
2018,Worcester,0,101891,0,0,3.62042
2018,Worthing,2,110025,1.81777,0.22014,6.56641
2018,Wychavon,1,127340,0.7853,0.01988,4.37541
2018,Wyre,0,111223,0,0,3.31665
2018,Wyre Forest,0,101062,0,0,3.65012
2018,York,4,209893,1.90573,0.51925,4.87943
2019,Adur,1,64580,1.54847,0.0392,8.62751
2019,Amber Valley,1,125791,0.79497,0.02013,4.42929
2019,Arun,3,163310,1.837,0.37883,5.36849
2019,Ashfield,1,126521,0.79038,0.02001,4.40373
2019,Ashford,2,130466,1.53297,0.18565,5.5376
2019,Babergh,0,90917,0,0,4.05742
2019,Barking and Dagenham,2,218828,0.91396,0.11069,3.30154
2019,Barnet,7,390590,1.79216,0.72054,3.69254
2019,Barnsley,2,243558,0.82116,0.09945,2.96631
2019,Basildon,0,187714,0,0,1.96516
2019,Basingstoke and Deane,12,181396,6.61536,3.41825,11.5557
2019,Bassetlaw,2,116485,1.71696,0.20793,6.20225
2019,Bath and North East Somerset,14,190176,7.3616,4.02466,12.35152
2019,Bedford,0,180651,0,0,2.04199
2019,Bexley,1,246622,0.40548,0.01027,2.25918
2019,Birmingham,3,1150646,0.26072,0.05377,0.76194
2019,Blaby,0,101777,0,0,3.62447
2019,Blackburn with Darwen,1,154066,0.64907,0.01643,3.6164
2019,Blackpool,1,142407,0.70221,0.01778,3.91248
2019,Bolsover,2,79178,2.52595,0.30591,9.12462
2019,Bolton,5,294888,1.69556,0.55054,3.95687
2019,Boston,0,70226,0,0,5.25287
2019,Bournemouth,,,,,
2019,Bracknell Forest,4,121660,3.28785,0.89583,8.41821
2019,Bradford,5,545966,0.91581,0.29736,2.13719
2019,Braintree,2,153439,1.30345,0.15785,4.70851
2019,Breckland,6,139523,4.30037,1.57816,9.36009
2019,Brent,3,347424,0.8635,0.17807,2.52351
2019,Brentwood,1,77231,1.29482,0.03278,7.21426
2019,Brighton and Hove,3,279920,1.07174,0.22102,3.13206
2019,Bristol,26,469920,5.53286,3.61425,8.10692
2019,Broadland,1,129721,0.77089,0.01952,4.2951
2019,Bromley,7,331192,2.11358,0.84977,4.35478
2019,Bromsgrove,0,98339,0,0,3.75119
2019,Broxbourne,1,98869,1.01144,0.02561,5.63538
2019,Broxtowe,1,111257,0.89882,0.02276,5.0079
2019,Buckinghamshire UA,7,545859,1.28238,0.51558,2.6422
2019,Burnley,0,92949,0,0,3.96871
2019,Bury,0,193763,0,0,1.90381
2019,Calderdale,2,207729,0.96279,0.1166,3.47794
2019,Cambridge,5,143153,3.49277,1.13409,8.15095
2019,Camden,15,217136,6.90811,3.86642,11.39388
2019,Cannock Chase,1,98983,1.01028,0.02558,5.62889
2019,Canterbury,1,157109,0.6365,0.01612,3.54636
2019,Castle Point,0,89619,0,0,4.11618
2019,Central Bedfordshire,4,284688,1.40505,0.38283,3.59748
2019,Charnwood,1,180988,0.55252,0.01399,3.07846
2019,Chelmsford,2,179882,1.11184,0.13465,4.01635
2019,Cheltenham,2,119459,1.67422,0.20276,6.04784
2019,Cherwell,0,156447,0,0,2.35791
2019,Cheshire East,2,390556,0.51209,0.06202,1.84985
2019,Cheshire West and Chester,1,353362,0.283,0.00717,1.57675
2019,Chesterfield,1,104154,0.96012,0.02431,5.34943
2019,Chichester,13,122815,10.58503,5.63608,18.10072
2019,Chorley,0,116762,0,0,3.15932
2019,City of London,,,,,
2019,Colchester,2,190470,1.05003,0.12716,3.79308
2019,Cornwall,12,565793,2.12092,1.09591,3.70482
2019,Cotswold,1,89632,1.11567,0.02825,6.21613
2019,County Durham,1,518562,0.19284,0.00488,1.07444
2019,Coventry,1,343715,0.29094,0.00737,1.62101
2019,Crawley,1,117144,0.85365,0.02161,4.75624
2019,Croydon,5,390643,1.27994,0.41559,2.98696
2019,Cumberland,7,273009,2.56402,1.03087,5.28286
2019,Dacorum,1,154367,0.64781,0.0164,3.60935
2019,Darlington,0,106532,0,0,3.4627
2019,Dartford,1,113928,0.87775,0.02222,4.8905
2019,Derby,2,263014,0.76042,0.09209,2.74688
2019,Derbyshire Dales,1,71190,1.40469,0.03556,7.82644
2019,Doncaster,1,308438,0.32421,0.00821,1.80641
2019,Dorset,38,377699,10.06092,7.11971,13.8094
2019,Dover,0,115902,0,0,3.18276
2019,Dudley,0,322090,0,0,1.1453
2019,Ealing,5,367284,1.36134,0.44203,3.17692
2019,East Cambridgeshire,0,87010,0,0,4.2396
2019,East Devon,11,147346,7.46542,3.72671,13.3577
2019,East Hampshire,11,122154,9.00503,4.49528,16.11248
2019,East Hertfordshire,1,147335,0.67873,0.01718,3.78162
2019,East Lindsey,1,142039,0.70403,0.01783,3.92262
2019,East Riding of Yorkshire,2,338944,0.59007,0.07146,2.13153
2019,East Staffordshire,2,122052,1.63865,0.19845,5.91935
2019,East Suffolk,2,245052,0.81615,0.09884,2.94823
2019,Eastbourne,1,102754,0.9732,0.02464,5.42231
2019,Eastleigh,8,132175,6.05258,2.61308,11.926
2019,Elmbridge,7,137098,5.10584,2.05281,10.51998
2019,Enfield,4,335151,1.19349,0.32519,3.05581
2019,Epping Forest,2,134206,1.49025,0.18048,5.38328
2019,Epsom and Ewell,4,80685,4.95755,1.35077,12.6933
2019,Erewash,0,113711,0,0,3.24408
2019,Exeter,2,126312,1.58338,0.19176,5.71972
2019,Fareham,2,114879,1.74096,0.21084,6.28895
2019,Fenland,0,102487,0,0,3.59936
2019,Folkestone & Hythe,2,109659,1.82384,0.22088,6.58832
2019,Forest of Dean,0,86274,0,0,4.27577
2019,Fylde,1,79852,1.25232,0.03171,6.97746
2019,Gateshead,4,198435,2.01577,0.54923,5.16118
2019,Gedling,0,117129,0,0,3.14942
2019,Gloucester,0,131776,0,0,2.79936
2019,Gosport,0,83022,0,0,4.44326
2019,Gravesham,0,107348,0,0,3.43638
2019,Great Yarmouth,0,100448,0,0,3.67243
2019,Greenwich,6,288205,2.08185,0.764,4.53131
2019,Guildford,10,142328,7.02602,3.36925,12.92111
2019,Hackney,2,274590,0.72836,0.08821,2.63108
2019,Halton,0,128456,0,0,2.87171
2019,Hammersmith and Fulham,7,188562,3.71231,1.49254,7.64877
2019,Harborough,0,93661,0,0,3.93854
2019,Haringey,6,273716,2.19205,0.80445,4.77118
2019,Harlow,0,91952,0,0,4.01174
2019,Harrow,1,262065,0.38159,0.00966,2.12605
2019,Hart,9,97727,9.20933,4.21109,17.48217
2019,Hartlepool,0,92401,0,0,3.99225
2019,Hastings,1,91570,1.09206,0.02765,6.08457
2019,Havant,3,124099,2.41743,0.49853,7.06474
2019,Havering,0,261296,0,0,1.41176
2019,Herefordshire,2,186373,1.07312,0.12996,3.87647
2019,Hertsmere,0,107234,0,0,3.44003
2019,High Peak,0,91170,0,0,4.04616
2019,Hillingdon,1,305641,0.32718,0.00828,1.82294
2019,Hinckley and Bosworth,1,112688,0.88741,0.02247,4.94431
2019,Horsham,6,142932,4.1978,1.54052,9.13684
2019,Hounslow,7,289652,2.41669,0.97164,4.97931
2019,Huntingdonshire,2,176968,1.13015,0.13687,4.08248
2019,Hyndburn,0,81954,0,0,4.50116
2019,Ipswich,1,140809,0.71018,0.01798,3.95688
2019,Isle of Wight,2,141764,1.4108,0.17085,5.09628
2019,Isles of Scilly,,,,,
2019,Islington,3,221994,1.35139,0.27869,3.94933
2019,Kensington and Chelsea,4,146805,2.7247,0.74239,6.97632
2019,King's Lynn and West Norfolk,1,153332,0.65218,0.01651,3.63371
2019,Kingston upon Hull,1,268749,0.37209,0.00942,2.07318
2019,Kingston upon Thames,9,169797,5.30045,2.4237,10.0619
2019,Kirklees,3,433259,0.69243,0.1428,2.02356
2019,Knowsley,0,151793,0,0,2.4302
2019,Lambeth,3,329513,0.91043,0.18775,2.66068
2019,Lancaster,2,139795,1.43067,0.17326,5.16806
2019,Leeds,6,804640,0.74568,0.27365,1.62302
2019,Leicester,0,369776,0,0,0.9976
2019,Lewes,1,100813,0.99194,0.02511,5.52671
2019,Lewisham,6,305906,1.96139,0.71979,4.26911
2019,Lichfield,1,104179,0.95989,0.0243,5.34815
2019,Lincoln,0,103604,0,0,3.56056
2019,Liverpool,7,484687,1.44423,0.58066,2.97567
2019,Luton,2,223106,0.89644,0.10856,3.23823
2019,Maidstone,4,171816,2.32807,0.63432,5.96079
2019,Maldon,1,64481,1.55084,0.03926,8.64075
2019,Malvern Hills,0,77872,0,0,4.73711
2019,Manchester,2,545947,0.36634,0.04437,1.32333
2019,Mansfield,0,110237,0,0,3.34632
2019,Medway,3,279852,1.072,0.22107,3.13283
2019,Melton,0,51470,0,0,7.16705
2019,Merton,4,217219,1.84146,0.50174,4.71487
2019,Mid Devon,4,81434,4.91195,1.33834,12.57655
2019,Mid Suffolk,1,100840,0.99167,0.02511,5.52523
2019,Mid Sussex,0,150027,0,0,2.45881
2019,Middlesbrough,0,142134,0,0,2.59535
2019,Milton Keynes,7,281434,2.48726,1.00001,5.12471
2019,Mole Valley,12,86762,13.83094,7.14665,24.15987
2019,New Forest,29,177111,16.37391,10.96587,23.51567
2019,Newark and Sherwood,1,121624,0.82221,0.02082,4.58104
2019,Newcastle upon Tyne,1,297087,0.3366,0.00852,1.87543
2019,Newcastle-under-Lyme,1,125075,0.79952,0.02024,4.45464
2019,Newham,5,349786,1.42945,0.46414,3.33585
2019,North Devon,2,97325,2.05497,0.24887,7.42326
2019,North East Derbyshire,1,100371,0.9963,0.02522,5.55105
2019,North East Lincolnshire,1,157957,0.63308,0.01603,3.52732
2019,North Hertfordshire,2,133195,1.50156,0.18185,5.42414
2019,North Kesteven,0,115821,0,0,3.18498
2019,North Lincolnshire,2,170283,1.17452,0.14224,4.24275
2019,North Norfolk,2,102509,1.95105,0.23628,7.04786
2019,North Northamptonshire,5,354848,1.40905,0.45752,3.28826
2019,North Somerset,9,215540,4.17556,1.90933,7.92651
2019,North Tyneside,0,207294,0,0,1.77954
2019,North Warwickshire,1,64383,1.55321,0.03932,8.65391
2019,North West Leicestershire,2,102461,1.95196,0.23639,7.05116
2019,North Yorkshire UA,10,610660,1.63757,0.78528,3.01155
2019,Northumberland,4,318027,1.25776,0.3427,3.22035
2019,Norwich,0,143300,0,0,2.57424
2019,Nottingham,3,323160,0.92833,0.19145,2.71298
2019,Nuneaton and Bedworth,0,132953,0,0,2.77457
2019,Oadby and Wigston,0,57772,0,0,6.38524
2019,Oldham,1,242077,0.41309,0.01046,2.3016
2019,Oxford,6,160789,3.7316,1.36943,8.12212
2019,Pendle,2,94896,2.10757,0.25524,7.61327
2019,Peterborough,1,213026,0.46943,0.01189,2.61548
2019,Plymouth,5,265041,1.8865,0.61254,4.40246
2019,Portsmouth,1,210412,0.47526,0.01203,2.64797
2019,Preston,0,144624,0,0,2.55067
2019,Reading,3,174288,1.72129,0.35497,5.03034
2019,Redbridge,2,311780,0.64148,0.07769,2.31724
2019,Redcar and Cleveland,2,136699,1.46307,0.17718,5.28511
2019,Redditch,0,86307,0,0,4.27414
2019,Reigate and Banstead,3,149048,2.01277,0.41508,5.88218
2019,Ribble Valley,0,59903,0,0,6.15809
2019,Richmond upon Thames,16,198185,8.07327,4.61457,13.11048
2019,Rochdale,0,222042,0,0,1.66134
2019,Rochford,1,85290,1.17247,0.02968,6.53259
2019,Rossendale,1,70884,1.41076,0.03572,7.86023
2019,Rother,2,92581,2.16027,0.26162,7.80364
2019,Rotherham,4,265991,1.50381,0.40974,3.85035
2019,Rugby,2,110998,1.80183,0.21821,6.50885
2019,Runnymede,1,86660,1.15394,0.02922,6.42931
2019,Rushcliffe,2,116647,1.71458,0.20764,6.19363
2019,Rushmoor,2,99756,2.00489,0.2428,7.24236
2019,Rutland,1,40175,2.48911,0.06302,13.86843
2019,Salford,2,263611,0.75869,0.09188,2.74066
2019,Sandwell,1,340198,0.29395,0.00744,1.63777
2019,Sefton,2,278908,0.71708,0.08684,2.59035
2019,Sevenoaks,5,119575,4.18148,1.35771,9.75817
2019,Sheffield,2,556399,0.35945,0.04353,1.29847
2019,Shropshire,4,319729,1.25106,0.34087,3.20321
2019,Slough,0,157632,0,0,2.34018
2019,Solihull,2,216323,0.92454,0.11197,3.33977
2019,Somerset UA,33,564987,5.84084,4.02057,8.20271
2019,South Cambridgeshire,4,159031,2.51523,0.68532,6.44
2019,South Derbyshire,0,103315,0,0,3.57052
2019,South Gloucestershire,4,284563,1.40566,0.383,3.59906
2019,South Hams,6,86458,6.93979,2.54678,15.10499
2019,South Holland,0,93467,0,0,3.94672
2019,South Kesteven,0,142212,0,0,2.59393
2019,South Norfolk,1,138131,0.72395,0.01833,4.03359
2019,South Oxfordshire,0,144875,0,0,2.54625
2019,South Ribble,0,110477,0,0,3.33905
2019,South Staffordshire,1,110478,0.90516,0.02292,5.04322
2019,South Tyneside,0,148368,0,0,2.4863
2019,Southampton,19,249428,7.61743,4.58619,11.89556
2019,Southend-on-Sea,2,182115,1.09821,0.133,3.9671
2019,Southwark,7,312591,2.23935,0.90033,4.61391
2019,Spelthorne,0,102062,0,0,3.61435
2019,St Albans,2,148058,1.35082,0.16359,4.87963
2019,St. Helens,0,181541,0,0,2.03198
2019,Stafford,1,135286,0.73918,0.01871,4.11842
2019,Staffordshire Moorlands,1,96366,1.03771,0.02627,5.78175
2019,Stevenage,1,89541,1.11681,0.02828,6.22245
2019,Stockport,3,293172,1.02329,0.21103,2.99049
2019,Stockton-on-Tees,1,196860,0.50798,0.01286,2.83026
2019,Stoke-on-Trent,2,259181,0.77166,0.09345,2.78751
2019,Stratford-on-Avon,5,129816,3.85161,1.25061,8.98836
2019,Stroud,3,118832,2.52457,0.52063,7.37787
2019,Sunderland,3,274277,1.09379,0.22557,3.1965
2019,Surrey Heath,3,90544,3.31331,0.68328,9.68289
2019,Sutton,5,208516,2.3979,0.77859,5.59589
2019,Swale,0,149753,0,0,2.46331
2019,Swindon,0,231934,0,0,1.59049
2019,Tameside,0,229952,0,0,1.6042
2019,Tamworth,0,77698,0,0,4.74772
2019,Tandridge,1,86923,1.15044,0.02913,6.40986
2019,Teignbridge,8,133965,5.97171,2.57816,11.76665
2019,Telford and Wrekin,1,182081,0.54921,0.01391,3.05998
2019,Tendring,1,145696,0.68636,0.01738,3.82416
2019,Test Valley,17,127652,13.31746,7.75791,21.32254
2019,Tewkesbury,2,92703,2.15743,0.26127,7.79337
2019,Thanet,0,140624,0,0,2.62322
2019,Three Rivers,2,93443,2.14034,0.25921,7.73165
2019,Thurrock,3,174924,1.71503,0.35368,5.01205
2019,Tonbridge and Malling,0,131502,0,0,2.80519
2019,Torbay,3,138754,2.1621,0.44588,6.31857
2019,Torridge,1,67837,1.47412,0.03732,8.21328
2019,Tower Hamlets,4,305066,1.31119,0.35726,3.35717
2019,Trafford,3,236121,1.27054,0.26202,3.71304
2019,Tunbridge Wells,0,115158,0,0,3.20332
2019,Uttlesford,2,89361,2.23811,0.27105,8.08483
2019,Vale of White Horse,2,135040,1.48104,0.17936,5.35004
2019,Wakefield,3,348201,0.86157,0.17768,2.51788
2019,Walsall,0,284600,0,0,1.29616
2019,Waltham Forest,1,281015,0.35585,0.00901,1.98269
2019,Wandsworth,7,334558,2.09231,0.84122,4.31096
2019,Warrington,2,212245,0.94231,0.11412,3.40394
2019,Warwick,0,146005,0,0,2.52654
2019,Watford,0,102172,0,0,3.61046
2019,Waverley,14,125691,11.13843,6.08948,18.68839
2019,Wealden,1,157543,0.63475,0.01607,3.53659
2019,Welwyn Hatfield,0,119180,0,0,3.09522
2019,West Berkshire,5,160883,3.10785,1.00911,7.25268
2019,West Devon,3,55865,5.37009,1.10744,15.69368
2019,West Lancashire,0,115744,0,0,3.1871
2019,West Lindsey,2,93894,2.13006,0.25796,7.69452
2019,West Northamptonshire,0,422168,0,0,0.87379
2019,West Oxfordshire,1,111362,0.89797,0.02274,5.00318
2019,West Suffolk,4,179703,2.2259,0.60648,5.69918
2019,Westminster,9,208415,4.31831,1.97461,8.19749
2019,Westmorland and Furness,12,226162,5.30593,2.74165,9.26839
2019,Wigan,2,326386,0.61277,0.07421,2.21354
2019,Wiltshire,26,502985,5.16914,3.37665,7.57399
2019,Winchester,16,124407,12.86101,7.35118,20.88548
2019,Windsor and Maidenhead,2,153893,1.2996,0.15739,4.69462
2019,Wirral,3,320732,0.93536,0.19289,2.73352
2019,Woking,4,104423,3.83057,1.0437,9.80779
2019,Wokingham,3,171789,1.74633,0.36014,5.10351
2019,Wolverhampton,0,263519,0,0,1.39985
2019,Worcester,0,105137,0,0,3.50864
2019,Worthing,0,110932,0,0,3.32535
2019,Wychavon,0,129003,0,0,2.85953
2019,Wyre,0,109544,0,0,3.36749
2019,Wyre Forest,0,101592,0,0,3.63107
2019,York,2,203877,0.98098,0.1188,3.54365
2020,Adur,0,64550,0,0,5.71476
2020,Amber Valley,0,125953,0,0,2.92878
2020,Arun,7,163661,4.27713,1.71963,8.81253
2020,Ashfield,0,126687,0,0,2.91181
2020,Ashford,0,131431,0,0,2.8067
2020,Babergh,0,91491,0,0,4.03196
2020,Barking and Dagenham,2,219227,0.9123,0.11048,3.29553
2020,Barnet,3,391046,0.76717,0.15821,2.24201
2020,Barnsley,1,244201,0.4095,0.01037,2.28158
2020,Basildon,1,187796,0.53249,0.01348,2.96686
2020,Basingstoke and Deane,18,183125,9.82935,5.8255,15.53461
2020,Bassetlaw,1,117068,0.8542,0.02163,4.75932
2020,Bath and North East Somerset,11,191974,5.72994,2.86037,10.25245
2020,Bedford,1,182346,0.54841,0.01388,3.05553
2020,Bexley,1,246924,0.40498,0.01025,2.25642
2020,Birmingham,5,1148692,0.43528,0.14133,1.01579
2020,Blaby,0,102293,0,0,3.60619
2020,Blackburn with Darwen,1,154564,0.64698,0.01638,3.60475
2020,Blackpool,2,141560,1.41283,0.1711,5.10362
2020,Bolsover,0,79647,0,0,4.63154
2020,Bolton,0,295712,0,0,1.24746
2020,Boston,1,70181,1.42489,0.03608,7.93896
2020,Bournemouth,,,,,
2020,Bracknell Forest,1,123188,0.81177,0.02055,4.52288
2020,Bradford,1,547141,0.18277,0.00463,1.01832
2020,Braintree,0,154107,0,0,2.39371
2020,Breckland,2,140408,1.42442,0.1725,5.1455
2020,Brent,0,343988,0,0,1.07239
2020,Brentwood,2,77339,2.58602,0.31318,9.34158
2020,Brighton and Hove,3,278496,1.07722,0.22215,3.14808
2020,Bristol,29,471851,6.14601,4.11608,8.82669
2020,Broadland,1,130760,0.76476,0.01936,4.26097
2020,Bromley,8,331247,2.41512,1.04268,4.75874
2020,Bromsgrove,0,98837,0,0,3.73229
2020,Broxbourne,1,99311,1.00694,0.02549,5.6103
2020,Broxtowe,0,111397,0,0,3.31147
2020,Buckinghamshire UA,2,549066,0.36426,0.04411,1.31581
2020,Burnley,0,93927,0,0,3.92739
2020,Bury,1,193604,0.51652,0.01308,2.87786
2020,Calderdale,2,206976,0.9663,0.11702,3.49059
2020,Cambridge,2,143741,1.39139,0.1685,5.02619
2020,Camden,9,214768,4.19057,1.9162,7.955
2020,Cannock Chase,0,99565,0,0,3.705
2020,Canterbury,0,157187,0,0,2.34681
2020,Castle Point,0,89782,0,0,4.10871
2020,Central Bedfordshire,1,289105,0.3459,0.00876,1.9272
2020,Charnwood,0,182108,0,0,2.02566
2020,Chelmsford,0,180488,0,0,2.04384
2020,Cheltenham,0,118924,0,0,3.10188
2020,Cherwell,1,158435,0.63117,0.01598,3.51668
2020,Cheshire East,3,393203,0.76297,0.15734,2.22971
2020,Cheshire West and Chester,2,354738,0.5638,0.06828,2.03663
2020,Chesterfield,1,103761,0.96375,0.0244,5.36969
2020,Chichester,15,123032,12.19195,6.82374,20.10877
2020,Chorley,1,117178,0.8534,0.02161,4.75486
2020,City of London,,,,,
2020,Colchester,1,191979,0.52089,0.01319,2.90222
2020,Cornwall,9,567075,1.58709,0.72572,3.01279
2020,Cotswold,4,89824,4.45315,1.21333,11.40184
2020,County Durham,2,519204,0.38521,0.04665,1.39149
2020,Coventry,2,344702,0.58021,0.07027,2.09592
2020,Crawley,0,117793,0,0,3.13166
2020,Croydon,6,392101,1.53022,0.56156,3.33064
2020,Cumberland,7,272444,2.56934,1.03301,5.29381
2020,Dacorum,0,154815,0,0,2.38277
2020,Darlington,0,106827,0,0,3.45313
2020,Dartford,0,115572,0,0,3.19185
2020,Derby,2,261999,0.76336,0.09245,2.75753
2020,Derbyshire Dales,0,70972,0,0,5.19766
2020,Doncaster,0,308185,0,0,1.19697
2020,Dorset,26,377670,6.88432,4.49707,10.08712
2020,Dover,0,116134,0,0,3.1764
2020,Dudley,0,322513,0,0,1.14379
2020,Ealing,3,367936,0.81536,0.16815,2.38283
2020,East Cambridgeshire,0,86948,0,0,4.24263
2020,East Devon,4,148592,2.69194,0.73346,6.89242
2020,East Hampshire,18,123725,14.54839,8.6223,22.99274
2020,East Hertfordshire,0,149027,0,0,2.47531
2020,East Lindsey,1,141665,0.70589,0.01787,3.93297
2020,East Riding of Yorkshire,1,341050,0.29321,0.00742,1.63367
2020,East Staffordshire,0,123096,0,0,2.99675
2020,East Suffolk,1,245482,0.40736,0.01031,2.26968
2020,Eastbourne,2,101984,1.96109,0.2375,7.08414
2020,Eastleigh,14,134090,10.44075,5.70806,17.5178
2020,Elmbridge,4,138098,2.89649,0.7892,7.41617
2020,Enfield,3,333149,0.9005,0.1857,2.63164
2020,Epping Forest,0,134569,0,0,2.74126
2020,Epsom and Ewell,8,81197,9.85258,4.25365,19.41351
2020,Erewash,0,113348,0,0,3.25447
2020,Exeter,4,127345,3.14107,0.85584,8.0424
2020,Fareham,5,114777,4.35627,1.41447,10.16609
2020,Fenland,1,102228,0.97821,0.02477,5.45021
2020,Folkestone & Hythe,0,109587,0,0,3.36617
2020,Forest of Dean,0,86454,0,0,4.26687
2020,Fylde,2,80176,2.49451,0.3021,9.01104
2020,Gateshead,0,197342,0,0,1.86928
2020,Gedling,0,117141,0,0,3.14909
2020,Gloucester,1,132112,0.75693,0.01916,4.21736
2020,Gosport,2,82588,2.42166,0.29327,8.74787
2020,Gravesham,0,107146,0,0,3.44285
2020,Great Yarmouth,1,99851,1.00149,0.02536,5.57996
2020,Greenwich,4,288384,1.38704,0.37792,3.55137
2020,Guildford,6,142732,4.20368,1.54268,9.14965
2020,Hackney,4,272113,1.46998,0.40052,3.76373
2020,Halton,0,128508,0,0,2.87055
2020,Hammersmith and Fulham,6,186555,3.21621,1.18029,7.00033
2020,Harborough,0,95288,0,0,3.8713
2020,Haringey,4,269534,1.48404,0.40435,3.79974
2020,Harlow,0,92415,0,0,3.99165
2020,Harrow,0,262281,0,0,1.40646
2020,Hart,11,98299,11.19035,5.58618,20.02262
2020,Hartlepool,0,92202,0,0,4.00087
2020,Hastings,1,91130,1.09733,0.02778,6.11395
2020,Havant,2,124018,1.61267,0.1953,5.82552
2020,Havering,0,261906,0,0,1.40848
2020,Herefordshire,1,185886,0.53796,0.01362,2.99734
2020,Hertsmere,2,107612,1.85853,0.22508,6.71365
2020,High Peak,1,90909,1.1,0.02785,6.12881
2020,Hillingdon,1,306460,0.32631,0.00826,1.81807
2020,Hinckley and Bosworth,1,113051,0.88456,0.0224,4.92843
2020,Horsham,7,144377,4.84842,1.94932,9.98959
2020,Hounslow,3,289773,1.03529,0.2135,3.02557
2020,Huntingdonshire,0,177816,0,0,2.07455
2020,Hyndburn,1,82144,1.21737,0.03082,6.78278
2020,Ipswich,2,139889,1.42971,0.17314,5.16459
2020,Isle of Wight,2,140915,1.4193,0.17188,5.12698
2020,Isles of Scilly,,,,,
2020,Islington,4,221018,1.80981,0.49311,4.63383
2020,Kensington and Chelsea,5,144874,3.45128,1.12062,8.05412
2020,King's Lynn and West Norfolk,2,153023,1.30699,0.15828,4.72131
2020,Kingston upon Hull,2,267591,0.74741,0.09052,2.6999
2020,Kingston upon Thames,25,169770,14.72581,9.52977,21.73819
2020,Kirklees,1,432878,0.23101,0.00585,1.28712
2020,Knowsley,1,153408,0.65186,0.0165,3.63191
2020,Lambeth,4,325527,1.22878,0.3348,3.14616
2020,Lancaster,6,140881,4.25891,1.56295,9.26986
2020,Leeds,4,808443,0.49478,0.13481,1.26683
2020,Leicester,0,368922,0,0,0.99991
2020,Lewes,1,100443,0.99559,0.02521,5.54707
2020,Lewisham,5,304169,1.64382,0.53375,3.83613
2020,Lichfield,0,105008,0,0,3.51295
2020,Lincoln,1,103531,0.96589,0.02445,5.38162
2020,Liverpool,2,483348,0.41378,0.05011,1.49472
2020,Luton,2,224132,0.89233,0.10807,3.22341
2020,Maidstone,0,173272,0,0,2.12895
2020,Maldon,1,65090,1.53633,0.0389,8.55991
2020,Malvern Hills,0,78288,0,0,4.71194
2020,Manchester,2,547340,0.3654,0.04425,1.31996
2020,Mansfield,0,109964,0,0,3.35463
2020,Medway,1,280364,0.35668,0.00903,1.98729
2020,Melton,0,51583,0,0,7.15135
2020,Merton,5,217101,2.30308,0.7478,5.37461
2020,Mid Devon,3,82130,3.65275,0.75328,10.67487
2020,Mid Suffolk,0,101570,0,0,3.63186
2020,Mid Sussex,1,150877,0.66279,0.01678,3.69284
2020,Middlesbrough,1,142459,0.70196,0.01777,3.91105
2020,Milton Keynes,3,283707,1.05743,0.21807,3.09026
2020,Mole Valley,11,86924,12.65473,6.3172,22.64281
2020,New Forest,27,175937,15.3464,10.11338,22.32821
2020,Newark and Sherwood,0,121831,0,0,3.02787
2020,Newcastle upon Tyne,1,298426,0.33509,0.00848,1.86701
2020,Newcastle-under-Lyme,0,124567,0,0,2.96136
2020,Newham,1,350025,0.28569,0.00723,1.59178
2020,North Devon,2,97622,2.04872,0.24811,7.40068
2020,North East Derbyshire,1,100978,0.99032,0.02507,5.51768
2020,North East Lincolnshire,1,157313,0.63568,0.01609,3.54176
2020,North Hertfordshire,1,133054,0.75158,0.01903,4.18751
2020,North Kesteven,0,117057,0,0,3.15135
2020,North Lincolnshire,1,170034,0.58812,0.01489,3.27678
2020,North Norfolk,3,102064,2.93933,0.60616,8.58998
2020,North Northamptonshire,2,356437,0.56111,0.06795,2.02692
2020,North Somerset,24,215850,11.11883,7.12405,16.54394
2020,North Tyneside,2,208015,0.96147,0.11644,3.47316
2020,North Warwickshire,0,64271,0,0,5.73957
2020,North West Leicestershire,0,103344,0,0,3.56952
2020,North Yorkshire UA,2,610899,0.32739,0.03965,1.18263
2020,Northumberland,5,318490,1.56991,0.50975,3.66364
2020,Norwich,0,143935,0,0,2.56288
2020,Nottingham,4,322822,1.23907,0.33761,3.17252
2020,Nuneaton and Bedworth,0,133688,0,0,2.75932
2020,Oadby and Wigston,0,57869,0,0,6.37454
2020,Oldham,0,242181,0,0,1.52319
2020,Oxford,3,160064,1.87425,0.38652,5.47736
2020,Pendle,0,95099,0,0,3.87899
2020,Peterborough,1,213718,0.46791,0.01185,2.60701
2020,Plymouth,2,264830,0.7552,0.09146,2.72805
2020,Portsmouth,1,209142,0.47814,0.01211,2.66405
2020,Preston,2,145912,1.37069,0.166,4.9514
2020,Reading,1,173879,0.57511,0.01456,3.20432
2020,Redbridge,1,311750,0.32077,0.00812,1.78722
2020,Redcar and Cleveland,3,136571,2.19666,0.453,6.41957
2020,Redditch,0,86561,0,0,4.2616
2020,Reigate and Banstead,5,149545,3.34348,1.08562,7.80256
2020,Ribble Valley,1,60780,1.64528,0.04166,9.1669
2020,Richmond upon Thames,22,197797,11.12252,6.97042,16.83962
2020,Rochdale,0,223024,0,0,1.65403
2020,Rochford,1,85213,1.17353,0.02971,6.53849
2020,Rossendale,0,70811,0,0,5.20947
2020,Rother,0,92734,0,0,3.97792
2020,Rotherham,0,265593,0,0,1.38892
2020,Rugby,1,112672,0.88753,0.02247,4.94501
2020,Runnymede,1,87200,1.14679,0.02903,6.3895
2020,Rushcliffe,0,118030,0,0,3.12538
2020,Rushmoor,1,100140,0.9986,0.02528,5.56385
2020,Rutland,0,40633,0,0,9.07853
2020,Salford,2,266090,0.75163,0.09103,2.71513
2020,Sandwell,0,341436,0,0,1.0804
2020,Sefton,1,278621,0.35891,0.00909,1.99972
2020,Sevenoaks,3,120051,2.49894,0.51534,7.30296
2020,Sheffield,2,555036,0.36034,0.04364,1.30166
2020,Shropshire,2,321054,0.62295,0.07544,2.2503
2020,Slough,1,158281,0.63179,0.016,3.5201
2020,Solihull,1,216432,0.46204,0.0117,2.57432
2020,Somerset UA,35,566310,6.18036,4.30485,8.59539
2020,South Cambridgeshire,2,160548,1.24573,0.15086,4.50002
2020,South Derbyshire,1,105265,0.94998,0.02405,5.29297
2020,South Gloucestershire,4,287182,1.39285,0.3795,3.56624
2020,South Hams,9,87371,10.3009,4.71023,19.55432
2020,South Holland,0,94029,0,0,3.92313
2020,South Kesteven,0,142869,0,0,2.582
2020,South Norfolk,2,139842,1.43019,0.1732,5.16632
2020,South Oxfordshire,1,146844,0.681,0.01724,3.79426
2020,South Ribble,0,110613,0,0,3.33494
2020,South Staffordshire,0,110243,0,0,3.34614
2020,South Tyneside,1,147919,0.67605,0.01712,3.76669
2020,Southampton,13,248679,5.22762,2.78349,8.93939
2020,Southend-on-Sea,0,181276,0,0,2.03495
2020,Southwark,2,312055,0.64091,0.07762,2.3152
2020,Spelthorne,1,102304,0.97748,0.02475,5.44616
2020,St Albans,3,148555,2.01945,0.41646,5.9017
2020,St. Helens,0,182102,0,0,2.02572
2020,Stafford,0,135685,0,0,2.71871
2020,Staffordshire Moorlands,0,95955,0,0,3.84439
2020,Stevenage,0,89755,0,0,4.10994
2020,Stockport,1,293851,0.34031,0.00862,1.89608
2020,Stockton-on-Tees,2,196388,1.01839,0.12333,3.67878
2020,Stoke-on-Trent,2,258866,0.7726,0.09357,2.7909
2020,Stratford-on-Avon,2,131979,1.51539,0.18352,5.47412
2020,Stroud,3,119511,2.51023,0.51767,7.33596
2020,Sunderland,0,273583,0,0,1.34836
2020,Surrey Heath,2,90457,2.211,0.26776,7.98688
2020,Sutton,7,209921,3.33459,1.34068,6.87053
2020,Swale,0,150584,0,0,2.44972
2020,Swindon,2,232574,0.85994,0.10414,3.1064
2020,Tameside,2,230521,0.8676,0.10507,3.13407
2020,Tamworth,0,77968,0,0,4.73127
2020,Tandridge,1,87248,1.14616,0.02902,6.38598
2020,Teignbridge,9,133869,6.72299,3.07418,12.76233
2020,Telford and Wrekin,0,183483,0,0,2.01048
2020,Tendring,2,146255,1.36748,0.16561,4.93979
2020,Test Valley,21,128858,16.29701,10.08811,24.91171
2020,Tewkesbury,2,93747,2.1334,0.25837,7.70658
2020,Thanet,0,139945,0,0,2.63595
2020,Three Rivers,1,93795,1.06616,0.02699,5.94024
2020,Thurrock,0,175803,0,0,2.0983
2020,Tonbridge and Malling,0,131791,0,0,2.79904
2020,Torbay,2,138695,1.44201,0.17463,5.20905
2020,Torridge,1,67631,1.47861,0.03744,8.2383
2020,Tower Hamlets,6,306780,1.9558,0.71774,4.25695
2020,Trafford,1,235937,0.42384,0.01073,2.3615
2020,Tunbridge Wells,1,115271,0.86752,0.02196,4.83352
2020,Uttlesford,0,90482,0,0,4.07692
2020,Vale of White Horse,0,136889,0,0,2.6948
2020,Wakefield,0,350978,0,0,1.05103
2020,Walsall,0,284578,0,0,1.29626
2020,Waltham Forest,0,279527,0,0,1.31969
2020,Wandsworth,9,333678,2.69721,1.23334,5.12015
2020,Warrington,1,211627,0.47253,0.01196,2.63277
2020,Warwick,0,146643,0,0,2.51555
2020,Watford,2,102322,1.95461,0.23671,7.06074
2020,Waverley,17,126260,13.46428,7.84344,21.55762
2020,Wealden,3,158291,1.89524,0.39085,5.53871
2020,Welwyn Hatfield,0,119806,0,0,3.07904
2020,West Berkshire,10,161026,6.21018,2.97802,11.42074
2020,West Devon,5,56236,8.8911,2.88692,20.74887
2020,West Lancashire,0,116198,0,0,3.17465
2020,West Lindsey,3,94278,3.18208,0.65622,9.29938
2020,West Northamptonshire,0,422559,0,0,0.87299
2020,West Oxfordshire,1,112534,0.88862,0.0225,4.95108
2020,West Suffolk,5,178236,2.80527,0.91086,6.54656
2020,Westminster,4,205624,1.9453,0.53003,4.98074
2020,Westmorland and Furness,7,225995,3.09741,1.24532,6.38186
2020,Wigan,2,327850,0.61004,0.07388,2.20366
2020,Wiltshire,28,507047,5.52217,3.66944,7.98107
2020,Winchester,21,125754,16.69927,10.33711,25.52661
2020,Windsor and Maidenhead,2,153991,1.29878,0.15729,4.69163
2020,Wirral,1,320249,0.31226,0.00791,1.73979
2020,Woking,5,103882,4.81315,1.56282,11.23229
2020,Wokingham,6,174708,3.4343,1.26033,7.47503
2020,Wolverhampton,2,263123,0.7601,0.09205,2.74575
2020,Worcester,0,104399,0,0,3.53344
2020,Worthing,1,111064,0.90038,0.0228,5.01661
2020,Wychavon,0,130419,0,0,2.82848
2020,Wyre,1,110409,0.90572,0.02293,5.04637
2020,Wyre Forest,0,101315,0,0,3.641
2020,York,1,202169,0.49464,0.01252,2.75593
2021,Adur,0,64632,0,0,5.70751
2021,Amber Valley,0,126442,0,0,2.91745
2021,Arun,4,165219,2.42103,0.65965,6.1988
2021,Ashfield,1,126356,0.79142,0.02004,4.40948
2021,Ashford,1,133221,0.75063,0.019,4.18226
2021,Babergh,1,92724,1.07847,0.0273,6.00885
2021,Barking and Dagenham,2,218714,0.91444,0.11074,3.30326
2021,Barnet,4,388955,1.0284,0.2802,2.6331
2021,Barnsley,3,244887,1.22506,0.25264,3.58013
2021,Basildon,2,187718,1.06543,0.12903,3.84869
2021,Basingstoke and Deane,12,185713,6.46158,3.33879,11.28709
2021,Bassetlaw,1,118327,0.84512,0.0214,4.70868
2021,Bath and North East Somerset,10,192419,5.19699,2.49216,9.55745
2021,Bedford,2,185796,1.07645,0.13036,3.88851
2021,Bexley,1,246637,0.40545,0.01027,2.25905
2021,Birmingham,8,1143285,0.69974,0.3021,1.37876
2021,Blaby,0,103271,0,0,3.57204
2021,Blackburn with Darwen,1,154954,0.64535,0.01634,3.59568
2021,Blackpool,1,140976,0.70934,0.01796,3.95219
2021,Bolsover,2,80473,2.48531,0.30098,8.97778
2021,Bolton,0,296169,0,0,1.24553
2021,Boston,2,70815,2.82426,0.34203,10.2022
2021,Bournemouth,,,,,
2021,Bracknell Forest,1,125195,0.79875,0.02022,4.45037
2021,Bradford,4,546839,0.73148,0.1993,1.87287
2021,Braintree,3,155693,1.92687,0.39737,5.63113
2021,Breckland,2,142160,1.40687,0.17038,5.08208
2021,Brent,1,339248,0.29477,0.00746,1.64235
2021,Brentwood,0,77111,0,0,4.78386
2021,Brighton and Hove,9,276454,3.25551,1.48863,6.17998
2021,Bristol,19,471285,4.03153,2.42725,6.29574
2021,Broadland,1,132238,0.75621,0.01915,4.21335
2021,Bromley,3,329899,0.90937,0.18753,2.65756
2021,Bromsgrove,2,99449,2.01108,0.24355,7.26472
2021,Broxbourne,1,99142,1.00865,0.02554,5.61986
2021,Broxtowe,0,110796,0,0,3.32943
2021,Buckinghamshire UA,4,555161,0.72051,0.19632,1.8448
2021,Burnley,0,94734,0,0,3.89393
2021,Bury,2,193866,1.03164,0.12494,3.72664
2021,Calderdale,4,206828,1.93397,0.52694,4.95174
2021,Cambridge,1,145022,0.68955,0.01746,3.84193
2021,Camden,9,210968,4.26605,1.95071,8.09829
2021,Cannock Chase,0,100595,0,0,3.66706
2021,Canterbury,1,156631,0.63844,0.01616,3.55718
2021,Castle Point,2,89712,2.22936,0.26999,8.0532
2021,Central Bedfordshire,4,295651,1.35295,0.36863,3.46408
2021,Charnwood,0,182906,0,0,2.01682
2021,Chelmsford,3,181827,1.64992,0.34025,4.82177
2021,Cheltenham,2,118838,1.68296,0.20382,6.07944
2021,Cherwell,0,161830,0,0,2.27948
2021,Cheshire East,2,400474,0.49941,0.06048,1.80403
2021,Cheshire West and Chester,6,357730,1.67724,0.61552,3.65065
2021,Chesterfield,1,103673,0.96457,0.02442,5.37425
2021,Chichester,13,124517,10.44034,5.55904,17.8533
2021,Chorley,2,117908,1.69624,0.20542,6.12739
2021,City of London,,,,,
2021,Colchester,0,192658,0,0,1.91473
2021,Cornwall,10,574219,1.7415,0.83512,3.20267
2021,Cotswold,2,91076,2.19597,0.26594,7.93259
2021,County Durham,3,521447,0.57532,0.11865,1.68134
2021,Coventry,1,344151,0.29057,0.00736,1.61895
2021,Crawley,5,118607,4.2156,1.3688,9.83781
2021,Croydon,4,390691,1.02383,0.27896,2.6214
2021,Cumberland,7,273788,2.55672,1.02794,5.26783
2021,Dacorum,0,155211,0,0,2.37669
2021,Darlington,0,108210,0,0,3.409
2021,Dartford,2,116819,1.71205,0.20734,6.18451
2021,Derby,1,261260,0.38276,0.00969,2.13261
2021,Derbyshire Dales,0,71659,0,0,5.14782
2021,Doncaster,2,308697,0.64788,0.07846,2.34038
2021,Dorset,34,381245,8.91815,6.17608,12.46222
2021,Dover,0,116549,0,0,3.16509
2021,Dudley,0,323591,0,0,1.13998
2021,Ealing,6,366762,1.63594,0.60036,3.56075
2021,East Cambridgeshire,2,88125,2.2695,0.27485,8.19823
2021,East Devon,6,152065,3.94568,1.448,8.58809
2021,East Hampshire,8,126192,6.33955,2.73697,12.49143
2021,East Hertfordshire,1,150662,0.66374,0.0168,3.69811
2021,East Lindsey,0,142916,0,0,2.58115
2021,East Riding of Yorkshire,2,343145,0.58284,0.07059,2.10543
2021,East Staffordshire,2,124486,1.60661,0.19457,5.80362
2021,East Suffolk,8,246776,3.24181,1.39958,6.38765
2021,Eastbourne,2,101601,1.96849,0.23839,7.11084
2021,Eastleigh,10,136963,7.30124,3.50123,13.42724
2021,Elmbridge,12,139453,8.60505,4.44636,15.03129
2021,Enfield,2,329876,0.60629,0.07342,2.19012
2021,Epping Forest,1,134941,0.74107,0.01876,4.12895
2021,Epsom and Ewell,5,81006,6.17238,2.00416,14.40428
2021,Erewash,1,113039,0.88465,0.0224,4.92896
2021,Exeter,6,129527,4.63224,1.69995,10.08243
2021,Fareham,3,114952,2.60979,0.5382,7.6269
2021,Fenland,1,102731,0.97342,0.02465,5.42353
2021,Folkestone & Hythe,2,110040,1.81752,0.22011,6.56551
2021,Forest of Dean,1,87114,1.14792,0.02906,6.39581
2021,Fylde,3,81750,3.66973,0.75679,10.72449
2021,Gateshead,2,196179,1.01948,0.12346,3.6827
2021,Gedling,0,117291,0,0,3.14507
2021,Gloucester,1,132564,0.75435,0.0191,4.20298
2021,Gosport,0,82169,0,0,4.48938
2021,Gravesham,0,106883,0,0,3.45133
2021,Great Yarmouth,0,100179,0,0,3.68229
2021,Greenwich,2,289537,0.69076,0.08365,2.49526
2021,Guildford,7,144013,4.86067,1.95424,10.01484
2021,Hackney,6,268771,2.23238,0.81925,4.85896
2021,Halton,0,128570,0,0,2.86916
2021,Hammersmith and Fulham,6,183310,3.27314,1.20119,7.12426
2021,Harborough,0,98254,0,0,3.75443
2021,Haringey,7,264317,2.64834,1.06477,5.45658
2021,Harlow,0,93428,0,0,3.94837
2021,Harrow,1,261159,0.38291,0.00969,2.13343
2021,Hart,13,100262,12.96603,6.90386,22.1723
2021,Hartlepool,0,92575,0,0,3.98475
2021,Hastings,0,90974,0,0,4.05487
2021,Havant,5,124467,4.01713,1.30435,9.37464
2021,Havering,3,262086,1.14466,0.23606,3.34519
2021,Herefordshire,0,187522,0,0,1.96717
2021,Hertsmere,1,108129,0.92482,0.02341,5.15277
2021,High Peak,1,91079,1.09795,0.0278,6.11737
2021,Hillingdon,4,305107,1.31102,0.35721,3.35672
2021,Hinckley and Bosworth,0,113653,0,0,3.24574
2021,Horsham,3,147500,2.0339,0.41944,5.94391
2021,Hounslow,6,288164,2.08215,0.76411,4.53196
2021,Huntingdonshire,1,181827,0.54997,0.01392,3.06426
2021,Hyndburn,0,82271,0,0,4.48382
2021,Ipswich,5,139638,3.58069,1.16264,8.35613
2021,Isle of Wight,5,140885,3.54899,1.15235,8.28217
2021,Isles of Scilly,,,,,
2021,Islington,10,217050,4.60723,2.20935,8.47287
2021,Kensington and Chelsea,3,144266,2.07949,0.42884,6.07716
2021,King's Lynn and West Norfolk,2,154920,1.29099,0.15635,4.6635
2021,Kingston upon Hull,0,266516,0,0,1.38411
2021,Kingston upon Thames,11,167992,6.54793,3.2687,11.71606
2021,Kirklees,4,433458,0.92281,0.25144,2.36276
2021,Knowsley,0,154978,0,0,2.38026
2021,Lambeth,3,317691,0.94431,0.19474,2.75969
2021,Lancaster,2,142351,1.40498,0.17015,5.07526
2021,Leeds,10,809479,1.23536,0.5924,2.27188
2021,Leicester,2,366940,0.54505,0.06601,1.9689
2021,Lewes,2,100166,1.99669,0.24181,7.21272
2021,Lewisham,5,300013,1.6666,0.54114,3.88928
2021,Lichfield,0,106883,0,0,3.45133
2021,Lincoln,0,102411,0,0,3.60203
2021,Liverpool,4,485022,0.82471,0.2247,2.11157
2021,Luton,2,224958,0.88906,0.10767,3.21157
2021,Maidstone,1,176697,0.56594,0.01433,3.15322
2021,Maldon,0,66611,0,0,5.53794
2021,Malvern Hills,0,79969,0,0,4.61289
2021,Manchester,3,550630,0.54483,0.11236,1.59223
2021,Mansfield,0,110592,0,0,3.33558
2021,Medway,2,279903,0.71453,0.08653,2.58114
2021,Melton,0,51756,0,0,7.12744
2021,Merton,5,215426,2.32098,0.75362,5.4164
2021,Mid Devon,5,83171,6.01171,1.95199,14.02933
2021,Mid Suffolk,1,103398,0.96714,0.02449,5.38854
2021,Mid Sussex,3,152919,1.96182,0.40458,5.73328
2021,Middlesbrough,0,143943,0,0,2.56274
2021,Milton Keynes,1,288312,0.34685,0.00878,1.93251
2021,Mole Valley,5,87599,5.70783,1.85332,13.32017
2021,New Forest,14,176217,7.94475,4.34347,13.32994
2021,Newark and Sherwood,3,123352,2.43206,0.50155,7.10752
2021,Newcastle upon Tyne,5,298545,1.67479,0.5438,3.9084
2021,Newcastle-under-Lyme,1,123039,0.81275,0.02058,4.52836
2021,Newham,5,351256,1.42346,0.4622,3.32189
2021,North Devon,3,99398,3.01817,0.62242,8.82037
2021,North East Derbyshire,2,102294,1.95515,0.23678,7.06267
2021,North East Lincolnshire,0,157188,0,0,2.3468
2021,North Hertfordshire,1,133583,0.7486,0.01895,4.17092
2021,North Kesteven,1,118502,0.84387,0.02137,4.70173
2021,North Lincolnshire,1,169929,0.58848,0.0149,3.27881
2021,North Norfolk,4,103239,3.87451,1.05567,9.92027
2021,North Northamptonshire,3,360418,0.83237,0.17165,2.43253
2021,North Somerset,11,217385,5.06015,2.52601,9.054
2021,North Tyneside,3,209128,1.43453,0.29583,4.1923
2021,North Warwickshire,1,65338,1.5305,0.03875,8.52742
2021,North West Leicestershire,1,105004,0.95235,0.02411,5.30613
2021,North Yorkshire UA,12,618627,1.93978,1.00231,3.38841
2021,Northumberland,9,321532,2.7991,1.27993,5.31356
2021,Norwich,1,143217,0.69824,0.01768,3.89035
2021,Nottingham,2,319978,0.62504,0.0757,2.25787
2021,Nuneaton and Bedworth,0,134303,0,0,2.74668
2021,Oadby and Wigston,0,57788,0,0,6.38347
2021,Oldham,0,242003,0,0,1.52431
2021,Oxford,6,160379,3.74114,1.37293,8.14288
2021,Pendle,0,95819,0,0,3.84984
2021,Peterborough,0,216470,0,0,1.70411
2021,Plymouth,3,264768,1.13307,0.23367,3.3113
2021,Portsmouth,1,207119,0.48281,0.01222,2.69007
2021,Preston,1,147786,0.67665,0.01713,3.77008
2021,Reading,0,173371,0,0,2.12774
2021,Redbridge,1,310130,0.32245,0.00816,1.79655
2021,Redcar and Cleveland,2,136605,1.46408,0.17731,5.28874
2021,Redditch,0,86981,0,0,4.24102
2021,Reigate and Banstead,1,151497,0.66008,0.01671,3.67773
2021,Ribble Valley,2,61865,3.23285,0.39151,11.67815
2021,Richmond upon Thames,19,195315,9.72788,5.85682,15.19128
2021,Rochdale,0,224127,0,0,1.64589
2021,Rochford,0,86181,0,0,4.28039
2021,Rossendale,0,71008,0,0,5.19502
2021,Rother,0,93409,0,0,3.94917
2021,Rotherham,0,266173,0,0,1.3859
2021,Rugby,2,114835,1.74163,0.21092,6.29136
2021,Runnymede,2,87830,2.27713,0.27577,8.22576
2021,Rushcliffe,2,119418,1.67479,0.20283,6.04992
2021,Rushmoor,1,100096,0.99904,0.02529,5.5663
2021,Rutland,0,41342,0,0,8.92284
2021,Salford,2,270866,0.73837,0.08942,2.66726
2021,Sandwell,1,341895,0.29249,0.00741,1.62964
2021,Sefton,2,279693,0.71507,0.0866,2.58308
2021,Sevenoaks,0,120823,0,0,3.05313
2021,Sheffield,7,555035,1.26118,0.50706,2.59852
2021,Shropshire,3,324669,0.92402,0.19056,2.70037
2021,Slough,0,158448,0,0,2.32813
2021,Solihull,1,216677,0.46152,0.01169,2.57141
2021,Somerset UA,33,573100,5.75816,3.96365,8.08659
2021,South Cambridgeshire,5,163042,3.06669,0.99575,7.15664
2021,South Derbyshire,1,108051,0.92549,0.02343,5.15649
2021,South Gloucestershire,6,290886,2.06266,0.75696,4.48955
2021,South Hams,10,89161,11.21567,5.37835,20.62601
2021,South Holland,0,95490,0,0,3.86311
2021,South Kesteven,2,143751,1.3913,0.16849,5.02584
2021,South Norfolk,1,142509,0.70171,0.01777,3.90968
2021,South Oxfordshire,2,150002,1.33332,0.16147,4.81639
2021,South Ribble,2,111203,1.79851,0.21781,6.49685
2021,South Staffordshire,0,110787,0,0,3.3297
2021,South Tyneside,0,147919,0,0,2.49385
2021,Southampton,11,247672,4.44136,2.21711,7.94682
2021,Southend-on-Sea,0,180655,0,0,2.04195
2021,Southwark,8,306762,2.60789,1.1259,5.13857
2021,Spelthorne,1,103036,0.97054,0.02457,5.40747
2021,St Albans,3,148624,2.01852,0.41627,5.89896
2021,St. Helens,0,183394,0,0,2.01145
2021,Stafford,0,137201,0,0,2.68867
2021,Staffordshire Moorlands,0,95975,0,0,3.84358
2021,Stevenage,0,89360,0,0,4.12811
2021,Stockport,4,295268,1.3547,0.36911,3.46857
2021,Stockton-on-Tees,0,197032,0,0,1.87222
2021,Stoke-on-Trent,1,258102,0.38744,0.00981,2.1587
2021,Stratford-on-Avon,0,135946,0,0,2.71349
2021,Stroud,1,121493,0.82309,0.02084,4.58598
2021,Sunderland,3,274378,1.09338,0.22548,3.19533
2021,Surrey Heath,7,90653,7.72175,3.10455,15.90976
2021,Sutton,4,209617,1.90824,0.51993,4.88586
2021,Swale,0,152218,0,0,2.42342
2021,Swindon,2,233760,0.85558,0.10362,3.09064
2021,Tameside,0,231220,0,0,1.5954
2021,Tamworth,0,78842,0,0,4.67883
2021,Tandridge,2,88127,2.26945,0.27484,8.19804
2021,Teignbridge,10,135189,7.39705,3.54717,13.60344
2021,Telford and Wrekin,2,185857,1.0761,0.13032,3.88723
2021,Tendring,0,148925,0,0,2.47701
2021,Test Valley,24,131158,18.29854,11.72422,27.22678
2021,Tewkesbury,0,95400,0,0,3.86675
2021,Thanet,2,140658,1.42189,0.1722,5.13635
2021,Three Rivers,1,93934,1.06458,0.02695,5.93145
2021,Thurrock,0,175933,0,0,2.09675
2021,Tonbridge and Malling,4,132363,3.02199,0.82339,7.7375
2021,Torbay,3,139440,2.15146,0.44368,6.28749
2021,Torridge,3,68444,4.38315,0.90391,12.80941
2021,Tower Hamlets,3,312715,0.95934,0.19784,2.8036
2021,Trafford,1,235586,0.42447,0.01075,2.36502
2021,Tunbridge Wells,1,115650,0.86468,0.02189,4.81768
2021,Uttlesford,0,91921,0,0,4.0131
2021,Vale of White Horse,4,139400,2.86944,0.78183,7.34691
2021,Wakefield,2,353803,0.56529,0.06846,2.04201
2021,Walsall,0,284392,0,0,1.29711
2021,Waltham Forest,3,278147,1.07857,0.22243,3.15203
2021,Wandsworth,12,328429,3.65376,1.88795,6.38238
2021,Warrington,2,211182,0.94705,0.11469,3.42107
2021,Warwick,0,148693,0,0,2.48087
2021,Watford,0,102507,0,0,3.59866
2021,Waverley,15,128880,11.63873,6.51411,19.19632
2021,Wealden,3,160711,1.86671,0.38496,5.4553
2021,Welwyn Hatfield,1,119747,0.83509,0.02114,4.65285
2021,West Berkshire,6,161864,3.70682,1.36034,8.06818
2021,West Devon,7,57480,12.17815,4.89625,25.09164
2021,West Lancashire,3,117099,2.56194,0.52833,7.48706
2021,West Lindsey,1,95555,1.04652,0.0265,5.83082
2021,West Northamptonshire,1,426707,0.23435,0.00593,1.30573
2021,West Oxfordshire,0,115116,0,0,3.20449
2021,West Suffolk,0,180813,0,0,2.04016
2021,Westminster,8,205759,3.88804,1.67858,7.661
2021,Westmorland and Furness,12,226941,5.28772,2.73224,9.23658
2021,Wigan,1,329796,0.30322,0.00768,1.68942
2021,Wiltshire,34,513240,6.62458,4.58772,9.25719
2021,Winchester,17,127921,13.28945,7.7416,21.2777
2021,Windsor and Maidenhead,3,153922,1.94904,0.40194,5.69592
2021,Wirral,1,320631,0.31189,0.0079,1.73771
2021,Woking,2,103900,1.92493,0.23312,6.9535
2021,Wokingham,3,178231,1.68321,0.34712,4.91905
2021,Wolverhampton,0,264260,0,0,1.39593
2021,Worcester,0,103628,0,0,3.55973
2021,Worthing,0,111654,0,0,3.30385
2021,Wychavon,1,133084,0.75141,0.01902,4.18656
2021,Wyre,0,112434,0,0,3.28093
2021,Wyre Forest,0,101791,0,0,3.62397
2021,York,2,201851,0.99083,0.11999,3.57922
2022,Adur,2,64688,3.09176,0.37443,11.16851
2022,Amber Valley,0,126944,0,0,2.90591
2022,Arun,3,166366,1.80325,0.37187,5.26987
2022,Ashfield,0,127179,0,0,2.90054
2022,Ashford,0,135610,0,0,2.72021
2022,Babergh,1,94277,1.0607,0.02686,5.90987
2022,Barking and Dagenham,1,219992,0.45456,0.01151,2.53266
2022,Barnet,4,389101,1.02801,0.2801,2.63212
2022,Barnsley,0,246482,0,0,1.49661
2022,Basildon,2,188848,1.05905,0.12826,3.82566
2022,Basingstoke and Deane,9,187817,4.7919,2.19116,9.09652
2022,Bassetlaw,2,120012,1.6665,0.20182,6.01997
2022,Bath and North East Somerset,17,195618,8.69041,5.06248,13.91418
2022,Bedford,4,187466,2.13372,0.58137,5.46317
2022,Bexley,0,247835,0,0,1.48844
2022,Birmingham,8,1157603,0.69108,0.29836,1.36171
2022,Blaby,0,104182,0,0,3.5408
2022,Blackburn with Darwen,0,155762,0,0,2.36828
2022,Blackpool,2,141574,1.41269,0.17108,5.10312
2022,Bolsover,0,81553,0,0,4.52329
2022,Bolton,0,298903,0,0,1.23414
2022,Boston,1,70806,1.41231,0.03576,7.86889
2022,Bournemouth,,,,,
2022,Bracknell Forest,3,126881,2.36442,0.4876,6.90984
2022,Bradford,3,552644,0.54285,0.11195,1.58642
2022,Braintree,0,157681,0,0,2.33946
2022,Breckland,1,143479,0.69697,0.01765,3.88325
2022,Brent,2,341221,0.58613,0.07098,2.11731
2022,Brentwood,0,77332,0,0,4.77019
2022,Brighton and Hove,7,277965,2.5183,1.01249,5.18867
2022,Bristol,21,479024,4.38391,2.71371,6.70128
2022,Broadland,0,133872,0,0,2.75553
2022,Bromley,4,329578,1.21367,0.33069,3.10749
2022,Bromsgrove,0,100076,0,0,3.68608
2022,Broxbourne,0,99103,0,0,3.72227
2022,Broxtowe,0,112113,0,0,3.29032
2022,Buckinghamshire UA,9,560409,1.60597,0.73435,3.04863
2022,Burnley,0,95553,0,0,3.86056
2022,Bury,0,194606,0,0,1.89556
2022,Calderdale,2,207699,0.96293,0.11662,3.47844
2022,Cambridge,6,146995,4.08177,1.49794,8.8843
2022,Camden,15,218049,6.87919,3.85023,11.34617
2022,Cannock Chase,0,101140,0,0,3.6473
2022,Canterbury,0,157550,0,0,2.3414
2022,Castle Point,0,89731,0,0,4.11104
2022,Central Bedfordshire,3,301501,0.99502,0.2052,2.90788
2022,Charnwood,1,184748,0.54128,0.0137,3.01581
2022,Chelmsford,2,183326,1.09095,0.13212,3.9409
2022,Cheltenham,2,119434,1.67457,0.2028,6.04911
2022,Cherwell,1,164155,0.60918,0.01542,3.39414
2022,Cheshire East,6,406527,1.47592,0.54164,3.21245
2022,Cheshire West and Chester,3,361694,0.82943,0.17105,2.42395
2022,Chesterfield,0,104110,0,0,3.54325
2022,Chichester,15,126103,11.89504,6.65756,19.61906
2022,Chorley,2,118624,1.686,0.20418,6.09041
2022,City of London,,,,,
2022,Colchester,3,194394,1.54326,0.31826,4.51005
2022,Cornwall,11,577694,1.90412,0.95053,3.407
2022,Cotswold,4,91311,4.38063,1.19358,11.21616
2022,County Durham,4,528127,0.75739,0.20636,1.93923
2022,Coventry,2,355600,0.56243,0.06811,2.03169
2022,Crawley,0,119509,0,0,3.0867
2022,Croydon,0,392224,0,0,0.9405
2022,Cumberland,10,275390,3.63121,1.74131,6.67793
2022,Dacorum,2,156123,1.28104,0.15514,4.62756
2022,Darlington,0,109469,0,0,3.36979
2022,Dartford,2,118820,1.68322,0.20385,6.08036
2022,Derby,1,263490,0.37952,0.00961,2.11456
2022,Derbyshire Dales,0,71752,0,0,5.14115
2022,Doncaster,3,311027,0.96455,0.19891,2.81881
2022,Dorset,25,383274,6.52275,4.22118,9.62886
2022,Dover,3,117473,2.55378,0.52665,7.46322
2022,Dudley,2,324969,0.61544,0.07453,2.22319
2022,Ealing,4,369937,1.08127,0.29461,2.76847
2022,East Cambridgeshire,2,89394,2.23729,0.27095,8.08185
2022,East Devon,8,154500,5.17799,2.23549,10.20271
2022,East Hampshire,14,127319,10.996,6.01162,18.44942
2022,East Hertfordshire,1,151635,0.65948,0.0167,3.67438
2022,East Lindsey,1,144415,0.69245,0.01753,3.85808
2022,East Riding of Yorkshire,3,346309,0.86628,0.17865,2.53163
2022,East Staffordshire,0,125760,0,0,2.93327
2022,East Suffolk,0,247080,0,0,1.49299
2022,Eastbourne,2,102247,1.95605,0.23689,7.06592
2022,Eastleigh,13,138935,9.35689,4.98215,16.00057
2022,Elmbridge,2,140024,1.42833,0.17298,5.15961
2022,Enfield,3,327224,0.9168,0.18907,2.67929
2022,Epping Forest,1,134989,0.7408,0.01876,4.12748
2022,Epsom and Ewell,1,81184,1.23177,0.03119,6.86298
2022,Erewash,0,113080,0,0,3.26219
2022,Exeter,2,134939,1.48215,0.1795,5.35404
2022,Fareham,4,114547,3.49202,0.95146,8.94095
2022,Fenland,0,103035,0,0,3.58022
2022,Folkestone & Hythe,0,110237,0,0,3.34632
2022,Forest of Dean,3,87937,3.41153,0.70354,9.96995
2022,Fylde,1,83008,1.2047,0.0305,6.71218
2022,Gateshead,4,197722,2.02304,0.55121,5.17979
2022,Gedling,1,117730,0.8494,0.02151,4.73256
2022,Gloucester,3,133522,2.24682,0.46335,6.56616
2022,Gosport,2,82285,2.43058,0.29435,8.78008
2022,Gravesham,1,106970,0.93484,0.02367,5.2086
2022,Great Yarmouth,0,99862,0,0,3.69398
2022,Greenwich,5,291080,1.71774,0.55775,4.00863
2022,Guildford,10,145673,6.86469,3.29189,12.62441
2022,Hackney,2,272338,0.73438,0.08894,2.65284
2022,Halton,0,128964,0,0,2.8604
2022,Hammersmith and Fulham,19,185238,10.25707,6.17543,16.01769
2022,Harborough,1,100481,0.99521,0.0252,5.54497
2022,Haringey,2,261811,0.76391,0.09251,2.75951
2022,Harlow,2,94409,2.11844,0.25655,7.65254
2022,Harrow,0,261185,0,0,1.41236
2022,Hart,6,100910,5.94589,2.18204,12.94171
2022,Hartlepool,1,93861,1.06541,0.02697,5.93606
2022,Hastings,0,90622,0,0,4.07062
2022,Havant,5,124854,4.00468,1.30031,9.34558
2022,Havering,0,264703,0,0,1.39359
2022,Herefordshire,0,188719,0,0,1.95469
2022,Hertsmere,1,108106,0.92502,0.02342,5.15387
2022,High Peak,1,91109,1.09759,0.02779,6.11536
2022,Hillingdon,1,310681,0.32187,0.00815,1.79337
2022,Hinckley and Bosworth,2,114298,1.74981,0.21191,6.32092
2022,Horsham,2,148696,1.34503,0.16289,4.8587
2022,Hounslow,4,290488,1.37699,0.37518,3.52565
2022,Huntingdonshire,2,184052,1.08665,0.1316,3.92535
2022,Hyndburn,1,83213,1.20174,0.03043,6.69564
2022,Ipswich,1,139247,0.71815,0.01818,4.00127
2022,Isle of Wight,0,140794,0,0,2.62005
2022,Isles of Scilly,,,,,
2022,Islington,12,220373,5.44531,2.81367,9.51187
2022,Kensington and Chelsea,3,146154,2.05263,0.4233,5.99865
2022,King's Lynn and West Norfolk,0,155741,0,0,2.3686
2022,Kingston upon Hull,2,268852,0.7439,0.09009,2.68724
2022,Kingston upon Thames,8,168302,4.75336,2.05216,9.36601
2022,Kirklees,2,437593,0.45705,0.05535,1.65101
2022,Knowsley,0,157103,0,0,2.34806
2022,Lambeth,6,316812,1.89387,0.69502,4.12215
2022,Lancaster,3,144446,2.0769,0.42831,6.06959
2022,Leeds,10,822483,1.21583,0.58304,2.23596
2022,Leicester,0,373399,0,0,0.98792
2022,Lewes,5,100677,4.96638,1.61257,11.58987
2022,Lewisham,6,298653,2.00902,0.73728,4.37279
2022,Lichfield,1,108352,0.92292,0.02337,5.14217
2022,Lincoln,1,102545,0.97518,0.02469,5.43336
2022,Liverpool,2,496770,0.4026,0.04876,1.45433
2022,Luton,5,226973,2.20291,0.71528,5.14085
2022,Maidstone,2,180428,1.10848,0.13424,4.00419
2022,Maldon,2,67554,2.96059,0.35854,10.69469
2022,Malvern Hills,0,81024,0,0,4.55282
2022,Manchester,5,568996,0.87874,0.28533,2.05069
2022,Mansfield,0,111117,0,0,3.31982
2022,Medway,1,282702,0.35373,0.00896,1.97085
2022,Melton,0,52433,0,0,7.03542
2022,Merton,5,214709,2.32873,0.75613,5.43449
2022,Mid Devon,6,83786,7.1611,2.628,15.5867
2022,Mid Suffolk,2,105723,1.89174,0.2291,6.8336
2022,Mid Sussex,5,154930,3.22726,1.04788,7.53136
2022,Middlesbrough,0,148285,0,0,2.4877
2022,Milton Keynes,1,292180,0.34226,0.00867,1.90692
2022,Mole Valley,3,87769,3.41806,0.70489,9.98903
2022,New Forest,16,175942,9.09391,5.19795,14.76793
2022,Newark and Sherwood,0,125089,0,0,2.949
2022,Newcastle upon Tyne,2,307565,0.65027,0.07875,2.349
2022,Newcastle-under-Lyme,0,125297,0,0,2.94411
2022,Newham,1,358645,0.27883,0.00706,1.55353
2022,North Devon,1,100505,0.99498,0.02519,5.54365
2022,North East Derbyshire,2,103783,1.9271,0.23338,6.96134
2022,North East Lincolnshire,1,157754,0.6339,0.01605,3.53186
2022,North Hertfordshire,0,134159,0,0,2.74963
2022,North Kesteven,0,119709,0,0,3.08154
2022,North Lincolnshire,1,170042,0.58809,0.01489,3.27663
2022,North Norfolk,1,103227,0.96874,0.02453,5.39747
2022,North Northamptonshire,3,363408,0.82552,0.17024,2.41252
2022,North Somerset,12,219145,5.47583,2.82944,9.56517
2022,North Tyneside,2,210487,0.95018,0.11507,3.43237
2022,North Warwickshire,0,65946,0,0,5.59379
2022,North West Leicestershire,0,107672,0,0,3.42603
2022,North Yorkshire UA,14,623501,2.24539,1.22757,3.76738
2022,Northumberland,7,324362,2.15808,0.86766,4.44648
2022,Norwich,2,144525,1.38384,0.16759,4.99892
2022,Nottingham,1,328513,0.3044,0.00771,1.69602
2022,Nuneaton and Bedworth,0,135481,0,0,2.7228
2022,Oadby and Wigston,0,58341,0,0,6.32296
2022,Oldham,1,243912,0.40998,0.01038,2.28428
2022,Oxford,6,163257,3.67519,1.34873,7.99934
2022,Pendle,2,96110,2.08095,0.25201,7.5171
2022,Peterborough,2,217705,0.91867,0.11126,3.31857
2022,Plymouth,1,266862,0.37473,0.00949,2.08784
2022,Portsmouth,3,208420,1.4394,0.29684,4.20654
2022,Preston,1,151582,0.65971,0.0167,3.67566
2022,Reading,4,174820,2.28807,0.62342,5.85836
2022,Redbridge,3,310911,0.96491,0.19899,2.81987
2022,Redcar and Cleveland,3,137175,2.18699,0.45101,6.39131
2022,Redditch,1,87132,1.14768,0.02906,6.39449
2022,Reigate and Banstead,1,153629,0.65092,0.01648,3.62669
2022,Ribble Valley,0,63107,0,0,5.84544
2022,Richmond upon Thames,13,194894,6.67029,3.55165,11.4064
2022,Rochdale,1,226992,0.44054,0.01115,2.45456
2022,Rochford,1,87216,1.14658,0.02903,6.38833
2022,Rossendale,2,71169,2.81021,0.34033,10.15145
2022,Rother,0,94162,0,0,3.91759
2022,Rotherham,3,268354,1.11793,0.23054,3.26706
2022,Rugby,0,116436,0,0,3.16816
2022,Runnymede,2,88524,2.25927,0.27361,8.16128
2022,Rushcliffe,0,121582,0,0,3.03407
2022,Rushmoor,4,101060,3.95805,1.07843,10.13417
2022,Rutland,1,41151,2.43008,0.06152,13.53951
2022,Salford,0,278064,0,0,1.32663
2022,Sandwell,0,344210,0,0,1.07169
2022,Sefton,2,281027,0.71168,0.08619,2.57082
2022,Sevenoaks,0,121106,0,0,3.04599
2022,Sheffield,2,566242,0.35321,0.04278,1.2759
2022,Shropshire,7,327178,2.13951,0.86019,4.40821
2022,Slough,3,159182,1.88464,0.38866,5.5077
2022,Solihull,1,217678,0.45939,0.01163,2.55958
2022,Somerset UA,32,576852,5.54735,3.79438,7.8312
2022,South Cambridgeshire,1,165633,0.60374,0.01529,3.36385
2022,South Derbyshire,0,111133,0,0,3.31934
2022,South Gloucestershire,6,294765,2.03552,0.747,4.43047
2022,South Hams,8,89812,8.9075,3.84562,17.55132
2022,South Holland,2,96983,2.06222,0.24974,7.44944
2022,South Kesteven,0,144249,0,0,2.5573
2022,South Norfolk,0,144593,0,0,2.55122
2022,South Oxfordshire,5,151820,3.29337,1.06935,7.68564
2022,South Ribble,0,112166,0,0,3.28877
2022,South Staffordshire,1,111527,0.89664,0.0227,4.99578
2022,South Tyneside,0,148667,0,0,2.4813
2022,Southampton,12,252689,4.74892,2.45384,8.29541
2022,Southend-on-Sea,0,180915,0,0,2.03901
2022,Southwark,4,311913,1.28241,0.34941,3.28348
2022,Spelthorne,1,103551,0.96571,0.02445,5.38058
2022,St Albans,2,148358,1.34809,0.16326,4.86977
2022,St. Helens,0,184728,0,0,1.99693
2022,Stafford,2,138670,1.44227,0.17467,5.20999
2022,Staffordshire Moorlands,1,95899,1.04276,0.0264,5.80991
2022,Stevenage,0,89737,0,0,4.11077
2022,Stockport,1,297107,0.33658,0.00852,1.8753
2022,Stockton-on-Tees,1,199966,0.50009,0.01266,2.7863
2022,Stoke-on-Trent,1,259965,0.38467,0.00974,2.14323
2022,Stratford-on-Avon,0,138583,0,0,2.66186
2022,Stroud,6,123205,4.86993,1.78718,10.59979
2022,Sunderland,2,277354,0.7211,0.08733,2.60486
2022,Surrey Heath,8,91237,8.76837,3.78556,17.27719
2022,Sutton,1,210053,0.47607,0.01205,2.65249
2022,Swale,0,154619,0,0,2.38579
2022,Swindon,4,235657,1.69738,0.46248,4.34597
2022,Tameside,0,232753,0,0,1.58489
2022,Tamworth,1,79639,1.25567,0.03179,6.99612
2022,Tandridge,4,88707,4.50923,1.22861,11.54541
2022,Teignbridge,9,135952,6.61998,3.02708,12.56679
2022,Telford and Wrekin,1,188871,0.52946,0.01341,2.94997
2022,Tendring,0,151451,0,0,2.43569
2022,Test Valley,13,132871,9.78393,5.20953,16.73081
2022,Tewkesbury,1,97000,1.03093,0.0261,5.74396
2022,Thanet,0,140689,0,0,2.62201
2022,Three Rivers,0,94123,0,0,3.91921
2022,Thurrock,4,176877,2.26146,0.61617,5.79023
2022,Tonbridge and Malling,2,133661,1.49632,0.18121,5.40523
2022,Torbay,2,139479,1.43391,0.17365,5.17977
2022,Torridge,2,68635,2.91397,0.3529,10.52624
2022,Tower Hamlets,4,325789,1.22779,0.33453,3.14363
2022,Trafford,1,236301,0.42319,0.01071,2.35786
2022,Tunbridge Wells,0,116028,0,0,3.1793
2022,Uttlesford,3,92578,3.24051,0.66827,9.47015
2022,Vale of White Horse,3,142116,2.11095,0.43533,6.1691
2022,Wakefield,4,357729,1.11817,0.30466,2.86295
2022,Walsall,1,286105,0.34952,0.00885,1.94741
2022,Waltham Forest,3,275887,1.0874,0.22425,3.17785
2022,Wandsworth,15,329035,4.55879,2.55152,7.51902
2022,Warrington,2,211580,0.94527,0.11448,3.41464
2022,Warwick,0,151158,0,0,2.44041
2022,Watford,1,103031,0.97058,0.02457,5.40774
2022,Waverley,10,130063,7.68858,3.68697,14.13958
2022,Wealden,1,163012,0.61345,0.01553,3.41793
2022,Welwyn Hatfield,0,120213,0,0,3.06862
2022,West Berkshire,6,162215,3.6988,1.35739,8.05072
2022,West Devon,6,58190,10.31105,3.78397,22.44282
2022,West Lancashire,3,119367,2.51326,0.51829,7.34481
2022,West Lindsey,1,96817,1.03288,0.02615,5.75482
2022,West Northamptonshire,0,429013,0,0,0.85985
2022,West Oxfordshire,2,116928,1.71045,0.20714,6.17875
2022,West Suffolk,4,182228,2.19505,0.59808,5.62021
2022,Westminster,5,211365,2.36558,0.7681,5.52047
2022,Westmorland and Furness,14,227643,6.14998,3.36225,10.31862
2022,Wigan,3,334110,0.89791,0.18517,2.62407
2022,Wiltshire,23,515885,4.45836,2.82622,6.68973
2022,Winchester,16,130268,12.28237,7.02044,19.9458
2022,Windsor and Maidenhead,5,154738,3.23127,1.04918,7.5407
2022,Wirral,0,322453,0,0,1.14401
2022,Woking,3,104179,2.87966,0.59386,8.41559
2022,Wokingham,3,180967,1.65776,0.34187,4.84468
2022,Wolverhampton,0,267651,0,0,1.37824
2022,Worcester,0,104120,0,0,3.54291
2022,Worthing,1,112044,0.89251,0.0226,4.97273
2022,Wychavon,3,134536,2.22989,0.45986,6.51668
2022,Wyre,1,114809,0.87101,0.02205,4.85297
2022,Wyre Forest,0,102328,0,0,3.60496
2022,York,3,204551,1.46663,0.30245,4.28611